"stcd","state_code","State","district","urbanindex","grouping","incumbent_party","Winning.party","Total.Population","Percentage.Women","Median.Household.Income","Mean.Household.Income","Median.Age","Percentage.Retirees..65..","Percentage.Bachelors.Degree.in.Population.over.25","Unemployment.Rate..16.and.over.","Region"
"NY-12","NY","New York",12,14.9034,"Dense Urban","DEM","DEM",705008,0.519,142104,232024,40.3,0.198956608,0.403,0.029,"Northeast"
"NY-07","NY","New York",7,14.85414,"Dense Urban","DEM","DEM",699930,0.512,88141,137243,34.2,0.113467061,0.303,0.036,"Northeast"
"NY-09","NY","New York",9,14.69678,"Dense Urban","DEM","DEM",756507,0.528,71800,105059,36.9,0.165820012,0.234,0.049,"Northeast"
"NY-13","NY","New York",13,14.69063,"Dense Urban","DEM","DEM",770616,0.524,47855,90725,36.8,0.154432298,0.2,0.055,"Northeast"
"NY-15","NY","New York",15,14.65565,"Dense Urban","DEM","DEM",727699,0.525,42090,74697,35.5,0.136112596,0.136,0.056,"Northeast"
"NY-10","NY","New York",10,14.653,"Dense Urban","DEM","DEM",706151,0.523,103988,200712,37,0.15408744,0.325,0.033,"Northeast"
"NY-14","NY","New York",14,14.64697,"Dense Urban","DEM","DEM",730392,0.507,61052,91735,37.1,0.155212543,0.181,0.045,"Northeast"
"NY-08","NY","New York",8,14.51535,"Dense Urban","DEM","DEM",754074,0.525,58631,100435,38.1,0.176082188,0.215,0.047,"Northeast"
"NY-06","NY","New York",6,14.4845,"Dense Urban","DEM","DEM",752577,0.515,73861,104150,42.6,0.198907221,0.23,0.027,"Northeast"
"NJ-08","NJ","New Jersey",8,13.9866,"Dense Urban","DEM","DEM",765996,0.494,78229,127181,35.4,0.119304801,0.244,0.034,"Northeast"
"CA-37","CA","California",37,13.94794,"Dense Urban","DEM","DEM",740416,0.498,64565,105185,34.5,0.121773435,0.18,0.046,"West"
"CA-34","CA","California",34,13.78271,"Dense Urban","DEM","DEM",745561,0.488,58845,90698,36.6,0.141218492,0.198,0.043,"West"
"NY-05","NY","New York",5,13.78018,"Dense Urban","DEM","DEM",751997,0.519,81621,108662,41.2,0.171962122,0.185,0.041,"Northeast"
"IL-07","IL","Illinois",7,13.64136,"Dense Urban","DEM","DEM",758917,0.527,76365,123828,34.2,0.130824583,0.257,0.045,"Midwest"
"PA-03","PA","Pennsylvania",3,13.63714,"Dense Urban","DEM","DEM",772128,0.529,60400,94159,33.8,0.143344109,0.223,0.05,"Northeast"
"CA-43","CA","California",43,13.62739,"Dense Urban","DEM","DEM",723043,0.513,66509,90543,35.5,0.126258051,0.154,0.044,"West"
"NY-11","NY","New York",11,13.62688,"Dense Urban","REP","REP",740025,0.51,82517,119276,41,0.181791156,0.203,0.03,"Northeast"
"CA-11","CA","California",11,13.56329,"Dense Urban","DEM","DEM",705678,0.484,139300,219266,39.7,0.179640006,0.369,0.024,"West"
"MA-07","MA","Massachusetts",7,13.54608,"Dense Urban","DEM","DEM",754113,0.512,81795,129758,32.9,0.122880788,0.264,0.038,"Northeast"
"NJ-10","NJ","New Jersey",10,13.49694,"Dense Urban","DEM","DEM",746241,0.513,67939,104054,37.9,0.146074794,0.197,0.05,"Northeast"
"PA-02","PA","Pennsylvania",2,13.47543,"Dense Urban","DEM","DEM",717771,0.517,53536,80806,36.7,0.153429158,0.179,0.039,"Northeast"
"CA-46","CA","California",46,13.41158,"Dense Urban","DEM","DEM",749454,0.504,80779,102727,34.8,0.120453023,0.157,0.028,"West"
"IL-04","IL","Illinois",4,13.3979,"Dense Urban","DEM","DEM",718854,0.498,69123,101737,37.2,0.142607539,0.154,0.039,"Midwest"
"CA-42","CA","California",42,13.38775,"Dense Urban","REP","DEM",723841,0.507,73006,96607,36,0.124614384,0.173,0.033,"West"
"NJ-09","NJ","New Jersey",9,13.36543,"Dense Urban","DEM","DEM",751224,0.511,77469,111733,38.9,0.162034227,0.215,0.038,"Northeast"
"CA-30","CA","California",30,13.35822,"Dense Urban","DEM","DEM",732048,0.502,85046,127287,40,0.167505409,0.33,0.044,"West"
"IL-03","IL","Illinois",3,13.31683,"Dense Urban","DEM","DEM",708538,0.492,78452,110500,37.2,0.140538687,0.247,0.031,"Midwest"
"CA-44","CA","California",44,13.30183,"Dense Urban","DEM","DEM",735344,0.505,78725,104095,36.8,0.14033024,0.17,0.039,"West"
"CA-29","CA","California",29,13.2762,"Dense Urban","DEM","DEM",728732,0.495,67175,93964,36.6,0.130563774,0.179,0.049,"West"
"CA-45","CA","California",45,13.2715,"Dense Urban","DEM","REP",752508,0.503,100891,131008,40.8,0.172068603,0.252,0.027,"West"
"IL-05","IL","Illinois",5,13.26219,"Dense Urban","DEM","DEM",732819,0.51,104191,155018,37.5,0.162124617,0.374,0.018,"Midwest"
"NY-16","NY","New York",16,13.2321,"Dense Urban","DEM","DEM",756711,0.516,96051,173412,41.2,0.178016442,0.24,0.031,"Northeast"
"NY-04","NY","New York",4,13.14159,"Dense Urban","DEM","REP",771912,0.507,131291,164099,40.5,0.182773425,0.232,0.029,"Northeast"
"CA-36","CA","California",36,13.0746,"Dense Urban","DEM","DEM",727412,0.514,121164,178732,40.7,0.18294859,0.376,0.036,"West"
"VA-08","VA","Virginia",8,13.06868,"Dense Urban","DEM","DEM",764684,0.505,122460,168675,37.6,0.137336468,0.316,0.019,"South"
"CA-38","CA","California",38,13.05118,"Dense Urban","DEM","DEM",720021,0.504,90687,116060,40.2,0.174783791,0.204,0.027,"West"
"CA-12","CA","California",12,12.99689,"Urban-Suburban","DEM","DEM",736597,0.503,100136,158118,38.3,0.161431556,0.29,0.026,"West"
"FL-24","FL","Florida",24,12.99463,"Urban-Suburban","DEM","DEM",791673,0.505,60388,95698,39.7,0.165784358,0.202,0.029,NA
"CA-28","CA","California",28,12.95812,"Urban-Suburban","DEM","DEM",719742,0.513,98310,147928,43,0.194655863,0.279,0.027,"West"
"CA-31","CA","California",31,12.91872,"Urban-Suburban","DEM","DEM",730452,0.5,82631,104798,39.1,0.160287055,0.164,0.03,"West"
"MD-07","MD","Maryland",7,12.91544,"Urban-Suburban","DEM","DEM",744504,0.532,56870,85174,36.8,0.163050837,0.172,0.033,"South"
"IL-09","IL","Illinois",9,12.90872,"Urban-Suburban","DEM","DEM",730979,0.498,86692,125253,41.6,0.188283111,0.321,0.033,"Midwest"
"TX-07","TX","Texas",7,12.90726,"Urban-Suburban","DEM","DEM",785353,0.504,70704,112176,33.9,0.115273005,0.274,0.037,"South"
"CO-01","CO","Colorado",1,12.90034,"Urban-Suburban","DEM","DEM",720042,0.495,87684,129542,35,0.123283086,0.358,0.027,"West"
"CA-17","CA","California",17,12.89651,"Urban-Suburban","DEM","DEM",740766,0.474,166489,225445,37.4,0.134193524,0.299,0.027,"West"
"MN-05","MN","Minnesota",5,12.88577,"Urban-Suburban","DEM","DEM",706667,0.499,77372,112891,34.7,0.134365974,0.312,0.031,"Midwest"
"CA-32","CA","California",32,12.8771,"Urban-Suburban","DEM","DEM",783556,0.504,103213,164440,40.6,0.179102706,0.311,0.039,"West"
"CA-52","CA","California",52,12.86991,"Urban-Suburban","DEM","DEM",749240,0.503,79870,97953,35.3,0.13451364,0.181,0.04,"West"
"FL-27","FL","Florida",27,12.86377,"Urban-Suburban","REP","REP",754619,0.509,75323,129442,42.2,0.191162693,0.251,0.018,NA
"WA-07","WA","Washington",7,12.81346,"Urban-Suburban","DEM","DEM",783927,0.49,115418,169142,36.2,0.139784699,0.372,0.024,"West"
"WI-04","WI","Wisconsin",4,12.77521,"Urban-Suburban","DEM","DEM",719451,0.514,54672,82333,34.3,0.138684914,0.206,0.03,"Midwest"
"CA-51","CA","California",51,12.76409,"Urban-Suburban","DEM","DEM",757528,0.5,100357,126874,37.3,0.147778036,0.273,0.031,"West"
"TX-32","TX","Texas",32,12.76321,"Urban-Suburban","DEM","DEM",787408,0.499,65935,98364,32.5,0.101253734,0.262,0.031,"South"
"CA-47","CA","California",47,12.75985,"Urban-Suburban","DEM","DEM",752940,0.503,117944,167329,38.5,0.161201424,0.358,0.026,"West"
"MA-05","MA","Massachusetts",5,12.75613,"Urban-Suburban","DEM","DEM",776294,0.515,115167,171015,39.5,0.172569928,0.284,0.017,"Northeast"
"CA-15","CA","California",15,12.74003,"Urban-Suburban","DEM","DEM",719254,0.5,135162,194363,41.3,0.182016367,0.277,0.024,"West"
"PA-05","PA","Pennsylvania",5,12.70543,"Urban-Suburban","DEM","DEM",768063,0.52,79416,122836,38.7,0.164991674,0.23,0.038,"Northeast"
"CA-16","CA","California",16,12.69778,"Urban-Suburban","DEM","DEM",735381,0.504,160623,252250,40.6,0.179766679,0.292,0.023,"West"
"MD-08","MD","Maryland",8,12.69373,"Urban-Suburban","DEM","DEM",755348,0.51,123494,171443,41.6,0.187945159,0.278,0.022,"South"
"CA-35","CA","California",35,12.69247,"Urban-Suburban","DEM","DEM",769910,0.497,84692,102832,34.2,0.107626865,0.154,0.036,"West"
"AZ-03","AZ","Arizona",3,12.67575,"Urban-Suburban","DEM","DEM",835089,0.495,63913,84482,31,0.0872889,0.121,0.032,"South"
"MD-04","MD","Maryland",4,12.67143,"Urban-Suburban","DEM","DEM",750800,0.524,86941,103631,37.9,0.145672616,0.191,0.035,"South"
"MI-12","MI","Michigan",12,12.66166,"Urban-Suburban","DEM","DEM",759672,0.517,54818,79389,37.3,0.167448583,0.165,0.043,"Midwest"
"TX-09","TX","Texas",9,12.64574,"Urban-Suburban","DEM","DEM",774848,0.52,63597,87973,34.6,0.126304772,0.174,0.036,"South"
"TX-18","TX","Texas",18,12.6062,"Urban-Suburban","DEM","DEM",789388,0.487,58932,93568,32.6,0.10221336,0.176,0.045,"South"
"FL-25","FL","Florida",25,12.59246,"Urban-Suburban","REP","DEM",767802,0.504,79024,110218,41.9,0.170180593,0.265,0.028,NA
"NV-01","NV","Nevada",1,12.57916,"Urban-Suburban","DEM","DEM",767891,0.497,63781,87925,38.9,0.167719116,0.162,0.038,"West"
"AZ-04","AZ","Arizona",4,12.56294,"Urban-Suburban","REP","DEM",799833,0.487,79108,98571,34.6,0.148994853,0.24,0.025,"South"
"CA-06","CA","California",6,12.55663,"Urban-Suburban","DEM","DEM",749993,0.506,80409,103919,36.6,0.145234689,0.202,0.033,"West"
"CO-06","CO","Colorado",6,12.55418,"Urban-Suburban","DEM","DEM",718693,0.498,91725,123611,37.8,0.148881372,0.286,0.028,"West"
"FL-23","FL","Florida",23,12.53913,"Urban-Suburban","DEM","DEM",768707,0.513,80179,121695,43.1,0.2136874,0.274,0.024,NA
"TX-20","TX","Texas",20,12.52761,"Urban-Suburban","DEM","DEM",781188,0.498,56708,72033,33.7,0.121987281,0.165,0.032,"South"
"CA-40","CA","California",40,12.52466,"Urban-Suburban","DEM","REP",742204,0.503,124144,159845,43.1,0.192022678,0.316,0.025,"West"
"FL-20","FL","Florida",20,12.52127,"Urban-Suburban","DEM","DEM",768934,0.513,57237,78305,39.8,0.179841183,0.167,0.039,NA
"IL-06","IL","Illinois",6,12.51739,"Urban-Suburban","DEM","DEM",737763,0.509,95298,131149,41.1,0.198036497,0.262,0.026,"Midwest"
"OH-03","OH","Ohio",3,12.51553,"Urban-Suburban","DEM","DEM",785836,0.513,67720,99116,34.5,0.133763279,0.272,0.024,"Midwest"
"CA-33","CA","California",33,12.51408,"Urban-Suburban","DEM","DEM",774631,0.505,81830,102043,33.7,0.109676736,0.14,0.036,"West"
"NV-03","NV","Nevada",3,12.51288,"Urban-Suburban","DEM","DEM",796804,0.501,75550,105845,39.7,0.165811166,0.22,0.034,"West"
"GA-05","GA","Georgia",5,12.50446,"Urban-Suburban","DEM","DEM",759771,0.514,80430,128358,34.8,0.131388274,0.31,0.032,"South"
"NJ-05","NJ","New Jersey",5,12.50314,"Urban-Suburban","DEM","DEM",774198,0.506,124761,166989,42.9,0.188491833,0.312,0.029,"Northeast"
"MI-13","MI","Michigan",13,12.4986,"Dense Suburban","DEM","DEM",757463,0.516,47778,75789,37.3,0.162566356,0.128,0.049,"Midwest"
"NY-03","NY","New York",3,12.46215,"Dense Suburban","DEM","REP",771208,0.513,129730,181141,44.9,0.214349436,0.293,0.023,"Northeast"
"TX-29","TX","Texas",29,12.45498,"Dense Suburban","DEM","DEM",732116,0.488,50461,69251,33.1,0.110501614,0.095,0.047,"South"
"TX-24","TX","Texas",24,12.45018,"Dense Suburban","REP","REP",760070,0.508,106888,164456,38.8,0.144336706,0.328,0.021,"South"
"WA-09","WA","Washington",9,12.43778,"Dense Suburban","DEM","DEM",751668,0.498,94488,135669,38.2,0.153791301,0.257,0.03,"West"
"TX-37","TX","Texas",37,12.43119,"Dense Suburban","new_seat","DEM",785616,0.493,91114,130368,35.1,0.116895532,0.379,0.021,"South"
"MA-08","MA","Massachusetts",8,12.42628,"Dense Suburban","DEM","DEM",773868,0.51,103758,153589,40.2,0.17861961,0.288,0.027,"Northeast"
"TX-38","TX","Texas",38,12.42589,"Dense Suburban","new_seat","REP",769222,0.515,93861,130289,38.2,0.146133366,0.309,0.03,"South"
"TX-33","TX","Texas",33,12.42466,"Dense Suburban","DEM","DEM",764729,0.496,57463,79425,32.2,0.102689973,0.14,0.03,"South"
"OH-11","OH","Ohio",11,12.4239,"Dense Suburban","DEM","DEM",769169,0.523,50228,81926,38.5,0.183882866,0.189,0.043,"Midwest"
"VA-11","VA","Virginia",11,12.42183,"Dense Suburban","DEM","DEM",784031,0.496,152783,180734,39.2,0.148708406,0.34,0.021,"South"
"MI-10","MI","Michigan",10,12.41793,"Dense Suburban","REP","REP",764788,0.512,71936,95139,41,0.187787988,0.189,0.03,"Midwest"
"FL-10","FL","Florida",10,12.39927,"Dense Suburban","DEM","DEM",766928,0.51,64575,96054,34.9,0.127559562,0.256,0.029,NA
"IL-01","IL","Illinois",1,12.39519,"Dense Suburban","DEM","DEM",728550,0.524,64107,93637,40.2,0.185970764,0.179,0.052,"Midwest"
"CA-50","CA","California",50,12.38566,"Dense Suburban","REP","DEM",748969,0.486,108881,147311,37,0.152242616,0.326,0.028,"West"
"CA-07","CA","California",7,12.37742,"Dense Suburban","DEM","DEM",763060,0.504,85158,111062,37.3,0.157310041,0.22,0.034,"West"
"MO-01","MO","Missouri",1,12.366,"Dense Suburban","DEM","DEM",742101,0.521,57762,86740,37,0.166225352,0.214,0.035,"Midwest"
"FL-26","FL","Florida",26,12.35861,"Dense Suburban","REP","REP",796673,0.509,67071,92098,42.6,0.189362511,0.192,0.021,NA
"CA-14","CA","California",14,12.35435,"Dense Suburban","DEM","DEM",733220,0.507,135760,176217,40.6,0.160562996,0.29,0.029,"West"
"NJ-11","NJ","New Jersey",11,12.35098,"Dense Suburban","DEM","DEM",779192,0.506,128233,183318,41.4,0.17518147,0.329,0.029,"Northeast"
"FL-22","FL","Florida",22,12.34584,"Dense Suburban","DEM","DEM",783947,0.513,73404,114136,46.7,0.26959348,0.235,0.025,NA
"AZ-08","AZ","Arizona",8,12.33945,"Dense Suburban","REP","REP",811500,0.512,79042,104214,42.6,0.232293284,0.201,0.024,"South"
"NJ-06","NJ","New Jersey",6,12.33669,"Dense Suburban","DEM","DEM",784092,0.501,100440,132663,38,0.15253057,0.254,0.034,"Northeast"
"NY-26","NY","New York",26,12.32544,"Dense Suburban","DEM","DEM",770160,0.51,63995,88324,39.4,0.184896645,0.193,0.021,"Northeast"
"MN-04","MN","Minnesota",4,12.31958,"Dense Suburban","DEM","DEM",700555,0.507,82138,114222,37.2,0.159739064,0.289,0.023,"Midwest"
"HI-01","HI","Hawaii",1,12.29852,"Dense Suburban","DEM","DEM",717738,0.497,96086,119586,40.9,0.205084585,0.242,0.021,NA
"NJ-01","NJ","New Jersey",1,12.28513,"Dense Suburban","DEM","DEM",766706,0.515,82670,111894,39.3,0.170873842,0.222,0.036,"Northeast"
"OR-03","OR","Oregon",3,12.27807,"Dense Suburban","DEM","DEM",687278,0.496,80939,110130,39.3,0.152385207,0.253,0.032,"West"
"TX-30","TX","Texas",30,12.2694,"Dense Suburban","DEM","DEM",767034,0.517,67465,96136,33.6,0.114671579,0.179,0.028,"South"
"CA-39","CA","California",39,12.26121,"Dense Suburban","REP","DEM",770106,0.501,84017,101185,32.9,0.109708274,0.119,0.037,"West"
"IL-08","IL","Illinois",8,12.2366,"Dense Suburban","DEM","DEM",749823,0.498,91317,115163,40,0.155063262,0.267,0.028,"Midwest"
"IN-07","IN","Indiana",7,12.2291,"Dense Suburban","DEM","DEM",747577,0.518,59595,86131,34.4,0.132387701,0.232,0.037,"Midwest"
"NY-02","NY","New York",2,12.21863,"Dense Suburban","REP","REP",775081,0.497,113994,140582,39.9,0.160596118,0.192,0.027,"Northeast"
"WA-01","WA","Washington",1,12.20153,"Dense Suburban","DEM","DEM",782320,0.491,125412,176190,38,0.129732079,0.306,0.022,"West"
"MI-11","MI","Michigan",11,12.18432,"Dense Suburban","DEM","DEM",769865,0.503,86379,125050,40.7,0.183963422,0.278,0.027,"Midwest"
"FL-13","FL","Florida",13,12.18172,"Dense Suburban","DEM","REP",763693,0.517,65785,102181,51.5,0.281768983,0.221,0.022,NA
"GA-07","GA","Georgia",7,12.16479,"Dense Suburban","DEM","DEM",776248,0.512,84547,111242,36.2,0.116447321,0.255,0.027,"South"
"FL-14","FL","Florida",14,12.15817,"Dense Suburban","DEM","DEM",782155,0.505,70955,113446,39,0.165459532,0.26,0.028,NA
"PA-12","PA","Pennsylvania",12,12.1425,"Dense Suburban","REP","DEM",758799,0.507,68078,97284,39.7,0.202726941,0.241,0.03,"Northeast"
"GA-04","GA","Georgia",4,12.11052,"Dense Suburban","DEM","DEM",781395,0.525,73742,107398,36.6,0.137351788,0.229,0.034,"South"
"AZ-05","AZ","Arizona",5,12.09759,"Dense Suburban","REP","REP",835596,0.503,101489,133517,38.3,0.165972551,0.257,0.018,"South"
"KY-03","KY","Kentucky",3,12.09429,"Dense Suburban","DEM","DEM",742826,0.513,63327,94222,38.3,0.173977486,0.214,0.033,"South"
"NV-04","NV","Nevada",4,12.07472,"Dense Suburban","DEM","DEM",821679,0.497,70338,90471,36.9,0.153144963,0.143,0.037,"West"
"AZ-01","AZ","Arizona",1,12.05529,"Dense Suburban","DEM","REP",799436,0.507,91562,142247,43.9,0.210979991,0.323,0.021,"South"
"VA-03","VA","Virginia",3,12.041,"Dense Suburban","DEM","DEM",781088,0.51,63075,80940,34.5,0.142555,0.17,0.039,"South"
"RI-01","RI","Rhode Island",1,12.00113,"Dense Suburban","DEM","DEM",543189,0.514,78966,110258,39.9,0.187036188,0.238,0.029,NA
"CA-10","CA","California",10,11.99965,"Dense Suburban","DEM","DEM",754064,0.504,143122,197073,41.4,0.171409854,0.319,0.026,"West"
"FL-28","FL","Florida",28,11.99153,"Dense Suburban","new_seat","REP",740547,0.503,73429,95459,41.4,0.174433223,0.198,0.017,NA
"TX-16","TX","Texas",16,11.98973,"Dense Suburban","DEM","DEM",773386,0.505,53477,75234,33.6,0.132839229,0.177,0.035,"South"
"NJ-12","NJ","New Jersey",12,11.95689,"Dense Suburban","DEM","DEM",767218,0.508,109146,148551,40.9,0.165942405,0.267,0.037,"Northeast"
"NE-02","NE","Nebraska",2,11.95222,"Dense Suburban","REP","REP",658116,0.5,77535,110786,35.9,0.141046563,0.264,0.019,"Midwest"
"TX-35","TX","Texas",35,11.94555,"Dense Suburban","DEM","DEM",802077,0.496,71075,88525,33.2,0.092351482,0.231,0.031,"South"
"OH-01","OH","Ohio",1,11.9257,"Dense Suburban","REP","DEM",790801,0.511,74773,115110,37.2,0.156945932,0.263,0.021,"Midwest"
"NC-14","NC","North Carolina",14,11.90635,"Dense Suburban","new_seat","DEM",766123,0.516,81717,127063,36.8,0.134105098,0.33,0.022,"South"
"CA-08","CA","California",8,11.90436,"Dense Suburban","REP","DEM",748189,0.511,91501,120329,38.7,0.166381756,0.2,0.039,"West"
"MN-03","MN","Minnesota",3,11.89663,"Dense Suburban","DEM","DEM",700754,0.504,100867,142010,41.4,0.185129161,0.329,0.021,"Midwest"
"MO-05","MO","Missouri",5,11.89316,"Dense Suburban","DEM","DEM",773627,0.513,61184,86890,37.1,0.163878717,0.222,0.023,"Midwest"
"CT-04","CT","Connecticut",4,11.88718,"Dense Suburban","DEM","DEM",710465,0.507,106972,190234,41.1,0.170174463,0.281,0.034,"Northeast"
"CA-49","CA","California",49,11.85506,"Dense Suburban","DEM","DEM",752364,0.488,109380,150874,40,0.179736138,0.306,0.026,"West"
"PA-04","PA","Pennsylvania",4,11.84089,"Dense Suburban","DEM","DEM",780519,0.508,103922,142093,42.1,0.197874747,0.274,0.021,"Northeast"
"NY-01","NY","New York",1,11.83754,"Dense Suburban","REP","REP",775158,0.509,126171,166414,44,0.20377652,0.245,0.024,"Northeast"
"MA-06","MA","Massachusetts",6,11.83451,"Dense Suburban","DEM","DEM",771813,0.511,106226,149868,43.2,0.201604534,0.279,0.021,"Northeast"
"NC-02","NC","North Carolina",2,11.81898,"Dense Suburban","REP","DEM",779106,0.508,96138,133177,36.8,0.127126476,0.368,0.016,"South"
"MD-02","MD","Maryland",2,11.81179,"Dense Suburban","DEM","DEM",772153,0.524,92468,124196,40.5,0.183183903,0.262,0.025,"South"
"MD-03","MD","Maryland",3,11.8092,"Dense Suburban","DEM","DEM",777611,0.508,119418,154016,40.2,0.1614239,0.29,0.019,"South"
"NY-25","NY","New York",25,11.80862,"Dense Suburban","DEM","DEM",768169,0.514,67775,96132,39.7,0.190499747,0.215,0.029,"Northeast"
"CT-03","CT","Connecticut",3,11.80288,"Dense Suburban","DEM","DEM",735042,0.511,86205,120600,39.9,0.179546203,0.2,0.028,"Northeast"
"TN-09","TN","Tennessee",9,11.79929,"Dense Suburban","DEM","DEM",756975,0.525,53183,75182,34.8,0.142098484,0.179,0.037,NA
"NC-12","NC","North Carolina",12,11.79664,"Dense Suburban","DEM","DEM",770376,0.513,73841,107655,35.8,0.123180109,0.282,0.024,"South"
"MA-04","MA","Massachusetts",4,11.77869,"Dense Suburban","DEM","DEM",782122,0.515,110374,165007,40.3,0.166950936,0.255,0.03,"Northeast"
"LA-02","LA","Louisiana",2,11.77477,"Dense Suburban","DEM","",727277,0.519,48015,76074,39,0.166924019,0.16,0.041,"South"
"CO-08","CO","Colorado",8,11.73294,"Dense Suburban","new_seat","DEM",737452,0.495,92047,114194,35.4,0.121652663,0.198,0.026,"West"
"CA-21","CA","California",21,11.73072,"Dense Suburban","REP","DEM",748904,0.494,61213,82126,32,0.112003675,0.121,0.051,"West"
"CT-01","CT","Connecticut",1,11.72734,"Dense Suburban","DEM","DEM",718849,0.516,80371,111086,40.2,0.18023674,0.22,0.034,"Northeast"
"WA-10","WA","Washington",10,11.72351,"Dense Suburban","DEM","DEM",788452,0.498,88325,106415,36.5,0.154979631,0.188,0.026,"West"
"PA-01","PA","Pennsylvania",1,11.71746,"Dense Suburban","REP","REP",760257,0.503,104881,143185,44.2,0.206389418,0.254,0.021,"Northeast"
"IL-10","IL","Illinois",10,11.70691,"Dense Suburban","DEM","DEM",744016,0.496,98057,145104,40.2,0.168745027,0.259,0.02,"Midwest"
"FL-15","FL","Florida",15,11.70438,"Dense Suburban","REP","REP",817831,0.503,67704,96929,38.9,0.166025744,0.213,0.028,NA
"UT-04","UT","Utah",4,11.70206,"Dense Suburban","REP","REP",874074,0.488,100006,114708,31.5,0.09894128,0.236,0.021,"West"
"CA-27","CA","California",27,11.69082,"Dense Suburban","DEM","REP",737592,0.504,98123,126171,37.9,0.139512088,0.195,0.038,"West"
"NJ-04","NJ","New Jersey",4,11.69053,"Dense Suburban","REP","REP",786940,0.514,90090,130419,41.6,0.216282055,0.26,0.027,"Northeast"
"GA-13","GA","Georgia",13,11.68632,"Dense Suburban","DEM","DEM",767394,0.531,71993,89033,36.4,0.115705883,0.193,0.033,"South"
"CA-26","CA","California",26,11.6762,"Dense Suburban","DEM","DEM",758064,0.506,107265,147543,39.4,0.170844414,0.238,0.028,"West"
"CA-18","CA","California",18,11.6734,"Dense Suburban","DEM","DEM",734686,0.482,96509,125896,34.5,0.122027642,0.169,0.029,"West"
"TX-12","TX","Texas",12,11.67191,"Dense Suburban","REP","REP",803772,0.502,78999,106993,36.5,0.142223168,0.229,0.025,"South"
"GA-06","GA","Georgia",6,11.6706,"Dense Suburban","DEM","REP",790519,0.504,123105,159602,40.2,0.150852794,0.359,0.019,"South"
"TX-02","TX","Texas",2,11.66319,"Dense Suburban","REP","REP",817455,0.503,92141,123059,36.2,0.125089454,0.268,0.034,"South"
"CA-09","CA","California",9,11.65593,"Dense Suburban","DEM","DEM",769426,0.498,86062,112256,35.4,0.137290656,0.156,0.041,"West"
"OH-13","OH","Ohio",13,11.65369,"Dense Suburban","DEM","DEM",778868,0.513,65001,90261,41.7,0.201669603,0.214,0.022,"Midwest"
"CO-05","CO","Colorado",5,11.6376,"Dense Suburban","REP","REP",732858,0.488,82432,101822,35.1,0.139591845,0.258,0.026,"West"
"OR-01","OR","Oregon",1,11.6196,"Dense Suburban","DEM","DEM",714598,0.501,89182,123435,38.3,0.159412705,0.265,0.024,"West"
"IL-11","IL","Illinois",11,11.60326,"Dense Suburban","DEM","DEM",766225,0.505,99802,133296,40.1,0.160294953,0.276,0.029,"Midwest"
"MI-03","MI","Michigan",3,11.59025,"Dense Suburban","IND","DEM",781426,0.503,72574,98781,35.9,0.155383875,0.25,0.023,"Midwest"
"FL-16","FL","Florida",16,11.5819,"Dense Suburban","REP","REP",824961,0.519,79125,103570,43.4,0.229684797,0.225,0.021,NA
"TX-03","TX","Texas",3,11.57905,"Dense Suburban","REP","REP",846385,0.507,114577,143551,37.8,0.124013304,0.316,0.024,"South"
"PA-17","PA","Pennsylvania",17,11.57211,"Dense Suburban","DEM","DEM",752331,0.514,77014,114996,43.7,0.216759644,0.266,0.023,"Northeast"
"FL-07","FL","Florida",7,11.56998,"Dense Suburban","DEM","REP",788222,0.509,75437,103461,42.3,0.20143183,0.223,0.022,NA
"NJ-03","NJ","New Jersey",3,11.55043,"Dense Suburban","DEM","DEM",773328,0.508,106253,143021,43,0.191393561,0.281,0.024,"Northeast"
"CA-41","CA","California",41,11.54949,"Dense Suburban","DEM","REP",797316,0.49,95306,123567,40.1,0.186320104,0.203,0.031,"West"
"OK-01","OK","Oklahoma",1,11.53769,"Dense Suburban","REP","REP",807958,0.508,64465,89759,36.7,0.157598539,0.216,0.024,"South"
"KS-03","KS","Kansas",3,11.52846,"Dense Suburban","DEM","DEM",741829,0.503,91626,126418,39,0.166657006,0.312,0.02,"Midwest"
"RI-02","RI","Rhode Island",2,11.521,"Dense Suburban","DEM","DEM",550545,0.506,84751,114867,41.2,0.189850058,0.24,0.029,NA
"FL-05","FL","Florida",5,11.5198,"Dense Suburban","DEM","REP",801685,0.509,84630,115644,39.3,0.174161921,0.303,0.019,NA
"MI-06","MI","Michigan",6,11.5115,"Dense Suburban","REP","DEM",765213,0.503,88275,120504,38.8,0.171143198,0.276,0.022,"Midwest"
"MA-03","MA","Massachusetts",3,11.50051,"Dense Suburban","DEM","DEM",781020,0.507,91476,129462,39.5,0.157051036,0.222,0.028,"Northeast"
"FL-09","FL","Florida",9,11.49649,"Suburban-Exurban","DEM","DEM",821662,0.5,69493,95156,38.5,0.14254158,0.239,0.023,NA
"CO-07","CO","Colorado",7,11.49257,"Suburban-Exurban","DEM","DEM",724362,0.488,97203,125098,41.7,0.189617898,0.311,0.019,"West"
"GA-11","GA","Georgia",11,11.4803,"Suburban-Exurban","REP","REP",786646,0.514,90472,115456,37.6,0.145182204,0.282,0.022,"South"
"OH-10","OH","Ohio",10,11.47421,"Suburban-Exurban","REP","REP",782035,0.511,64173,87361,39.4,0.189919888,0.182,0.03,"Midwest"
"NY-17","NY","New York",17,11.44308,"Suburban-Exurban","DEM","REP",771464,0.5,115661,172012,40.2,0.17825848,0.273,0.03,"Northeast"
"PA-07","PA","Pennsylvania",7,11.4384,"Suburban-Exurban","DEM","DEM",774340,0.504,72660,103346,40.9,0.189835215,0.195,0.029,"Northeast"
"NM-01","NM","New Mexico",1,11.43298,"Suburban-Exurban","DEM","DEM",713527,0.504,66579,91517,40.6,0.198799765,0.214,0.023,NA
"FL-19","FL","Florida",19,11.42951,"Suburban-Exurban","REP","REP",802244,0.51,76223,109733,54.6,0.348039998,0.23,0.018,NA
"MO-02","MO","Missouri",2,11.42386,"Suburban-Exurban","REP","REP",778625,0.51,96915,133197,41.8,0.198005458,0.29,0.018,"Midwest"
"CA-19","CA","California",19,11.39059,"Suburban-Exurban","DEM","DEM",745616,0.502,118453,175344,41.4,0.202086597,0.279,0.024,"West"
"CA-48","CA","California",48,11.38078,"Suburban-Exurban","REP","REP",766556,0.5,105095,123665,38.7,0.173545051,0.22,0.025,"West"
"OH-15","OH","Ohio",15,11.37228,"Suburban-Exurban","REP","REP",785817,0.497,71285,96379,36.9,0.148911261,0.21,0.023,"Midwest"
"TX-26","TX","Texas",26,11.37112,"Suburban-Exurban","REP","REP",835578,0.501,105363,134953,37.9,0.120614712,0.308,0.025,"South"
"OH-07","OH","Ohio",7,11.35736,"Suburban-Exurban","REP","REP",774125,0.509,81160,107914,42.9,0.207639593,0.234,0.017,"Midwest"
"PA-06","PA","Pennsylvania",6,11.35723,"Suburban-Exurban","DEM","DEM",771296,0.504,98751,138258,39.9,0.174900427,0.293,0.026,"Northeast"
"VA-10","VA","Virginia",10,11.35405,"Suburban-Exurban","DEM","DEM",805988,0.494,152685,176922,38,0.11976481,0.319,0.019,"South"
"VA-04","VA","Virginia",4,11.34923,"Suburban-Exurban","DEM","DEM",790811,0.516,66086,88658,37.2,0.159907993,0.206,0.034,"South"
"FL-21","FL","Florida",21,11.32203,"Suburban-Exurban","DEM","REP",807943,0.503,76355,112956,48,0.269849482,0.229,0.024,NA
"TX-22","TX","Texas",22,11.31486,"Suburban-Exurban","REP","REP",843195,0.498,100510,128070,37.3,0.125390924,0.296,0.026,"South"
"IL-02","IL","Illinois",2,11.29298,"Suburban-Exurban","DEM","DEM",730809,0.523,57780,81581,39.5,0.180168827,0.14,0.053,"Midwest"
"VA-02","VA","Virginia",2,11.28275,"Suburban-Exurban","DEM","REP",780161,0.504,83535,104065,39.3,0.169855966,0.225,0.021,"South"
"OR-06","OR","Oregon",6,11.27783,"Suburban-Exurban","new_seat","DEM",702788,0.502,78442,103286,38.8,0.176959481,0.222,0.024,"West"
"NY-20","NY","New York",20,11.2734,"Suburban-Exurban","DEM","DEM",781546,0.508,79758,111011,40.3,0.186911583,0.232,0.032,"Northeast"
"IN-01","IN","Indiana",1,11.26531,"Suburban-Exurban","DEM","DEM",755538,0.505,69580,92452,39.9,0.179397992,0.186,0.029,"Midwest"
"NJ-07","NJ","New Jersey",7,11.26173,"Suburban-Exurban","DEM","REP",775400,0.508,131419,184568,44.1,0.187823059,0.326,0.029,"Northeast"
"PA-10","PA","Pennsylvania",10,11.25456,"Suburban-Exurban","REP","REP",779565,0.507,75032,99193,39.6,0.18180652,0.207,0.023,"Northeast"
"UT-03","UT","Utah",3,11.24393,"Suburban-Exurban","REP","REP",806633,0.498,87193,114753,30.8,0.126613962,0.294,0.018,"West"
"OH-08","OH","Ohio",8,11.23309,"Suburban-Exurban","REP","REP",781678,0.504,72748,95642,39,0.181945763,0.193,0.022,"Midwest"
"MN-02","MN","Minnesota",2,11.22782,"Suburban-Exurban","DEM","DEM",724575,0.502,101144,127199,38.5,0.152976572,0.298,0.021,"Midwest"
"CT-05","CT","Connecticut",5,11.2163,"Suburban-Exurban","DEM","DEM",734438,0.514,87715,121720,40.8,0.180404609,0.227,0.032,"Northeast"
"IL-14","IL","Illinois",14,11.21229,"Suburban-Exurban","DEM","DEM",756472,0.494,86174,109503,36.6,0.134297106,0.201,0.025,"Midwest"
"SC-04","SC","South Carolina",4,11.18361,"Suburban-Exurban","REP","REP",754482,0.513,64879,94088,38.4,0.168648159,0.227,0.028,"South"
"AZ-07","AZ","Arizona",7,11.1681,"Suburban-Exurban","DEM","DEM",815141,0.499,52555,70987,34,0.146083929,0.138,0.031,"South"
"FL-04","FL","Florida",4,11.16743,"Suburban-Exurban","REP","REP",801792,0.515,70226,87260,38.2,0.163786867,0.175,0.028,NA
"CA-22","CA","California",22,11.14961,"Suburban-Exurban","REP","REP",775019,0.483,54697,73829,30.3,0.09561572,0.073,0.048,"West"
"MA-02","MA","Massachusetts",2,11.14515,"Suburban-Exurban","DEM","DEM",785076,0.505,88327,124258,39.7,0.177210869,0.242,0.031,"Northeast"
"TX-08","TX","Texas",8,11.14212,"Suburban-Exurban","REP","REP",827950,0.5,83466,115576,36.1,0.124935081,0.225,0.023,"South"
"UT-01","UT","Utah",1,11.14186,"Suburban-Exurban","REP","REP",850432,0.495,86951,111939,32,0.11368575,0.252,0.017,"West"
"FL-17","FL","Florida",17,11.13713,"Suburban-Exurban","REP","REP",839779,0.515,70558,94705,55.1,0.345458746,0.199,0.02,NA
"CA-20","CA","California",20,11.13707,"Suburban-Exurban","DEM","REP",793325,0.499,82983,109435,35.3,0.14616204,0.183,0.028,"West"
"TX-34","TX","Texas",34,11.11507,"Suburban-Exurban","DEM","DEM",790190,0.503,48801,65789,31,0.132330199,0.137,0.038,"South"
"MA-01","MA","Massachusetts",1,11.06145,"Suburban-Exurban","DEM","DEM",772032,0.51,68956,96674,42.1,0.198863519,0.191,0.029,"Northeast"
"FL-08","FL","Florida",8,11.05486,"Suburban-Exurban","REP","REP",801682,0.507,73344,99322,48.9,0.268806085,0.213,0.023,NA
"MD-06","MD","Maryland",6,11.05104,"Suburban-Exurban","DEM","DEM",792577,0.502,96041,126053,39.7,0.162129358,0.228,0.028,"South"
"NC-06","NC","North Carolina",6,11.04841,"Suburban-Exurban","REP","DEM",751852,0.522,61429,87520,39,0.170794252,0.215,0.027,"South"
"DE-01","DE","Delaware",1,11.04734,"Suburban-Exurban","DEM","DEM",1018396,0.514,82174,104569,41.5,0.208347244,0.21,0.027,"South"
"OK-05","OK","Oklahoma",5,11.04301,"Suburban-Exurban","REP","REP",807931,0.509,68269,98507,37.6,0.162199495,0.25,0.024,"South"
"TX-28","TX","Texas",28,11.00937,"Suburban-Exurban","DEM","DEM",777758,0.503,60356,79462,33.7,0.124984892,0.151,0.032,"South"
"FL-11","FL","Florida",11,10.99759,"Suburban-Exurban","REP","REP",822462,0.511,78966,110304,44.9,0.25725687,0.233,0.019,NA
"OR-05","OR","Oregon",5,10.97807,"Suburban-Exurban","DEM","REP",719249,0.501,86573,116800,41.8,0.199523392,0.25,0.021,"West"
"WI-01","WI","Wisconsin",1,10.97015,"Suburban-Exurban","REP","REP",729535,0.501,71781,94789,40.5,0.178639819,0.206,0.021,"Midwest"
"TX-05","TX","Texas",5,10.95429,"Suburban-Exurban","REP","REP",787249,0.501,74111,93375,37.1,0.148862685,0.168,0.029,"South"
"TN-05","TN","Tennessee",5,10.9531,"Suburban-Exurban","DEM","REP",784695,0.51,86017,122728,39,0.156081025,0.299,0.016,NA
"LA-01","LA","Louisiana",1,10.95037,"Suburban-Exurban","REP","",775766,0.509,69732,99302,39.8,0.18538451,0.217,0.026,"South"
"IL-13","IL","Illinois",13,10.9285,"Suburban-Exurban","REP","DEM",739838,0.508,59843,83717,37.3,0.175251879,0.186,0.034,"Midwest"
"NE-01","NE","Nebraska",1,10.91282,"Suburban-Exurban","REP","REP",659903,0.494,74193,94549,36.1,0.159773482,0.242,0.015,"Midwest"
"TX-15","TX","Texas",15,10.90763,"Suburban-Exurban","DEM","REP",776813,0.501,55382,78067,32.5,0.128365514,0.161,0.032,"South"
"CA-24","CA","California",24,10.90673,"Suburban-Exurban","DEM","DEM",750711,0.497,91784,122616,37.7,0.187602153,0.246,0.026,"West"
"PA-11","PA","Pennsylvania",11,10.90266,"Suburban-Exurban","REP","REP",768350,0.505,82321,104833,40.5,0.202161775,0.195,0.019,"Northeast"
"MD-05","MD","Maryland",5,10.89787,"Suburban-Exurban","DEM","DEM",789972,0.5,121284,135099,38.8,0.151525624,0.233,0.028,"South"
"NC-04","NC","North Carolina",4,10.8961,"Suburban-Exurban","DEM","DEM",761039,0.521,74019,101762,37.4,0.163069173,0.256,0.019,"South"
"WA-02","WA","Washington",2,10.88959,"Suburban-Exurban","DEM","DEM",782277,0.497,82997,112828,40,0.199430636,0.23,0.026,"West"
"CA-04","CA","California",4,10.88493,"Suburban-Exurban","REP","DEM",765203,0.501,87319,120019,39.3,0.190464491,0.203,0.036,"West"
"VA-07","VA","Virginia",7,10.87841,"Suburban-Exurban","DEM","DEM",798820,0.5,103589,118497,37.8,0.136954508,0.221,0.025,"South"
"FL-12","FL","Florida",12,10.87248,"Suburban-Exurban","REP","REP",806076,0.506,59804,90255,47,0.261756956,0.162,0.024,NA
"IN-05","IN","Indiana",5,10.86186,"Suburban-Exurban","REP","REP",772783,0.506,75915,114079,38.8,0.1668075,0.258,0.022,"Midwest"
"CA-25","CA","California",25,10.85976,"Suburban-Exurban","REP","DEM",773601,0.496,65453,86556,37.3,0.171044246,0.112,0.038,"West"
"TX-04","TX","Texas",4,10.84754,"Suburban-Exurban","REP","REP",817813,0.5,92686,126702,38.8,0.145622532,0.278,0.021,"South"
"CO-02","CO","Colorado",2,10.84144,"Suburban-Exurban","DEM","DEM",726112,0.497,94059,125122,37.7,0.167906604,0.347,0.023,"West"
"WA-03","WA","Washington",3,10.83859,"Suburban-Exurban","REP","DEM",789222,0.501,85196,111673,40.4,0.187109584,0.18,0.026,"West"
"TX-25","TX","Texas",25,10.83693,"Suburban-Exurban","REP","REP",804617,0.51,73257,93297,37.3,0.16056832,0.207,0.026,"South"
"NC-13","NC","North Carolina",13,10.83426,"Suburban-Exurban","REP","DEM",776185,0.506,82201,107430,38.9,0.147535703,0.241,0.021,"South"
"OH-09","OH","Ohio",9,10.81999,"Suburban-Exurban","DEM","DEM",780071,0.506,62077,86175,41.1,0.194420764,0.172,0.022,"Midwest"
"TN-02","TN","Tennessee",2,10.81321,"Suburban-Exurban","REP","REP",790362,0.508,66809,92884,40.3,0.188326362,0.211,0.015,NA
"LA-06","LA","Louisiana",6,10.79623,"Suburban-Exurban","REP","",796937,0.513,70632,96885,35.9,0.15388042,0.202,0.03,"South"
"NY-18","NY","New York",18,10.77794,"Suburban-Exurban","DEM","DEM",786432,0.502,87124,113651,39.5,0.175149282,0.192,0.025,"Northeast"
"WI-05","WI","Wisconsin",5,10.76168,"Suburban-Exurban","REP","REP",741842,0.499,89947,120254,42.9,0.198948024,0.265,0.015,"Midwest"
"NY-22","NY","New York",22,10.73647,"Suburban-Exurban","REP","REP",764843,0.508,68941,93531,40.4,0.194093428,0.197,0.023,"Northeast"
"TX-21","TX","Texas",21,10.72731,"Suburban-Exurban","REP","REP",807859,0.502,88786,118488,40.2,0.188608408,0.297,0.021,"South"
"TX-31","TX","Texas",31,10.70318,"Suburban-Exurban","REP","REP",841841,0.502,89116,118353,37.2,0.14370172,0.253,0.025,"South"
"AZ-09","AZ","Arizona",9,10.70182,"Suburban-Exurban","DEM","REP",851459,0.501,73310,99426,41.5,0.210939106,0.157,0.03,"South"
"MI-08","MI","Michigan",8,10.69794,"Suburban-Exurban","DEM","DEM",768166,0.51,57526,81071,41.5,0.198567757,0.169,0.039,"Midwest"
"CA-03","CA","California",3,10.69738,"Suburban-Exurban","DEM","REP",773866,0.502,98689,138499,43.7,0.223374589,0.263,0.023,"West"
"VA-01","VA","Virginia",1,10.69374,"Suburban-Exurban","REP","REP",810541,0.511,99057,125150,41.8,0.199153405,0.28,0.017,"South"
"TX-14","TX","Texas",14,10.69072,"Suburban-Exurban","REP","REP",773046,0.491,68463,97049,38.2,0.155941561,0.18,0.032,"South"
"UT-02","UT","Utah",2,10.68866,"Suburban-Exurban","REP","REP",849661,0.489,80789,106281,33.7,0.139354401,0.213,0.019,"West"
"IL-17","IL","Illinois",17,10.68504,"Suburban-Exurban","DEM","DEM",738355,0.502,56834,76341,38.7,0.189109575,0.158,0.029,"Midwest"
"AZ-06","AZ","Arizona",6,10.67026,"Suburban-Exurban","REP","REP",790643,0.504,71152,97110,44.1,0.261196267,0.231,0.024,"South"
"MA-09","MA","Massachusetts",9,10.66888,"Suburban-Exurban","DEM","DEM",785636,0.507,94066,135443,47.3,0.246616754,0.251,0.025,"Northeast"
"CA-05","CA","California",5,10.6608,"Suburban-Exurban","DEM","REP",778853,0.505,84734,117476,41.4,0.206017053,0.194,0.031,"West"
"SC-01","SC","South Carolina",1,10.65648,"Suburban-Exurban","REP","REP",762713,0.507,85282,114474,41.3,0.205288228,0.259,0.016,"South"
"SC-02","SC","South Carolina",2,10.65473,"Suburban-Exurban","REP","REP",750640,0.514,71562,92365,40,0.176877065,0.214,0.029,"South"
"TX-36","TX","Texas",36,10.65274,"Suburban-Exurban","REP","REP",770407,0.501,67663,91223,36.7,0.145094736,0.164,0.026,"South"
"CA-23","CA","California",23,10.65169,"Suburban-Exurban","REP","REP",756057,0.485,68322,92714,34,0.134761003,0.118,0.043,"West"
"IN-06","IN","Indiana",6,10.64735,"Suburban-Exurban","REP","REP",758725,0.503,69426,90452,38.2,0.170594089,0.185,0.02,"Midwest"
"KY-06","KY","Kentucky",6,10.63682,"Suburban-Exurban","REP","REP",754485,0.508,62298,88251,37.4,0.162945585,0.215,0.032,"South"
"NH-01","NH","New Hampshire",1,10.62228,"Suburban-Exurban","DEM","DEM",703923,0.504,91412,122606,42.8,0.195399213,0.253,0.013,"Northeast"
"KS-04","KS","Kansas",4,10.60621,"Suburban-Exurban","REP","REP",737034,0.501,65593,85966,37.4,0.169808991,0.202,0.03,"Midwest"
"WI-02","WI","Wisconsin",2,10.60495,"Suburban-Exurban","DEM","DEM",743974,0.497,82271,108255,37.7,0.165516537,0.296,0.014,"Midwest"
"TX-06","TX","Texas",6,10.59703,"Suburban-Exurban","REP","REP",801951,0.487,75003,94733,36,0.126975339,0.182,0.025,"South"
"WA-08","WA","Washington",8,10.57876,"Suburban-Exurban","DEM","DEM",765776,0.49,119767,162820,39.7,0.155165479,0.257,0.02,"West"
"WA-06","WA","Washington",6,10.57689,"Suburban-Exurban","DEM","DEM",773605,0.495,84233,110751,42.5,0.222145669,0.213,0.026,"West"
"CA-13","CA","California",13,10.56639,"Suburban-Exurban","DEM","REP",782352,0.491,67465,90186,32.2,0.114407581,0.107,0.057,"West"
"PA-08","PA","Pennsylvania",8,10.55984,"Suburban-Exurban","DEM","DEM",766586,0.501,63172,87863,43.1,0.205812525,0.174,0.033,"Northeast"
"TX-11","TX","Texas",11,10.5536,"Suburban-Exurban","REP","REP",777332,0.493,62147,86551,33.9,0.135546973,0.167,0.029,"South"
"MI-07","MI","Michigan",7,10.5525,"Suburban-Exurban","REP","DEM",779873,0.506,74404,100573,38.7,0.175397789,0.223,0.025,"Midwest"
"MI-04","MI","Michigan",4,10.54956,"Suburban-Exurban","REP","REP",778490,0.506,70086,92562,37.8,0.177655461,0.209,0.023,"Midwest"
"IA-03","IA","Iowa",3,10.54495,"Suburban-Exurban","DEM","REP",814070,0.501,74960,104117,37.6,0.160299483,0.253,0.02,"Midwest"
"NJ-02","NJ","New Jersey",2,10.52803,"Suburban-Exurban","REP","REP",791164,0.501,80850,108849,43.1,0.209067905,0.195,0.033,"Northeast"
"AL-06","AL","Alabama",6,10.51947,"Suburban-Exurban","REP","REP",710137,0.516,78796,112952,39.8,0.170772682,0.248,0.017,NA
"OH-14","OH","Ohio",14,10.5151,"Suburban-Exurban","REP","REP",784361,0.501,65214,91799,42.9,0.211588796,0.19,0.024,"Midwest"
"FL-01","FL","Florida",1,10.48931,"Rural-Exurban","REP","REP",789347,0.495,71302,91357,39,0.174587349,0.2,0.023,NA
"MN-06","MN","Minnesota",6,10.45171,"Rural-Exurban","REP","REP",731533,0.492,95930,120995,37.5,0.140643006,0.244,0.018,"Midwest"
"WA-05","WA","Washington",5,10.43452,"Rural-Exurban","REP","REP",785349,0.499,67085,96025,38.6,0.185337983,0.209,0.026,"West"
"AR-03","AR","Arkansas",3,10.41405,"Rural-Exurban","REP","REP",784904,0.501,66414,91554,35.6,0.144960403,0.205,0.024,NA
"CT-02","CT","Connecticut",2,10.38751,"Rural-Exurban","DEM","DEM",727411,0.503,88894,120303,42.5,0.204528114,0.223,0.026,"Northeast"
"NV-02","NV","Nevada",2,10.38652,"Rural-Exurban","REP","REP",791398,0.491,79687,102689,40.2,0.19174423,0.176,0.029,"West"
"GA-09","GA","Georgia",9,10.38211,"Rural-Exurban","REP","REP",794277,0.505,76038,99178,40.4,0.176439706,0.201,0.022,"South"
"KY-04","KY","Kentucky",4,10.35224,"Rural-Exurban","REP","REP",762092,0.502,75907,101293,39.5,0.166302756,0.203,0.022,"South"
"FL-06","FL","Florida",6,10.34874,"Rural-Exurban","REP","REP",812621,0.512,60287,83926,49.2,0.279114126,0.165,0.021,NA
"GA-14","GA","Georgia",14,10.32933,"Rural-Exurban","REP","REP",779321,0.501,69169,90546,39.1,0.157582049,0.142,0.019,"South"
"IN-02","IN","Indiana",2,10.29184,"Rural-Exurban","REP","REP",754764,0.505,62487,86538,37.9,0.176210047,0.165,0.019,"Midwest"
"AL-05","AL","Alabama",5,10.27975,"Rural-Exurban","REP","REP",743238,0.506,73698,101427,40.2,0.172317616,0.221,0.021,NA
"AR-02","AR","Arkansas",2,10.27967,"Rural-Exurban","REP","REP",761676,0.521,60134,86830,38.6,0.172123055,0.192,0.027,NA
"FL-18","FL","Florida",18,10.27548,"Rural-Exurban","REP","REP",833693,0.498,57810,78504,40.2,0.211612668,0.128,0.023,NA
"SC-06","SC","South Carolina",6,10.26945,"Rural-Exurban","DEM","DEM",741110,0.521,51364,75482,37.1,0.172225446,0.178,0.035,"South"
"TN-03","TN","Tennessee",3,10.26313,"Rural-Exurban","REP","REP",788228,0.509,68127,93286,40.8,0.190076983,0.181,0.018,NA
"AL-07","AL","Alabama",7,10.25422,"Rural-Exurban","DEM","DEM",716121,0.527,45784,70138,36.5,0.17216085,0.162,0.034,NA
"TN-07","TN","Tennessee",7,10.24005,"Rural-Exurban","REP","REP",801730,0.508,70095,92273,35.5,0.138433138,0.215,0.024,NA
"CA-02","CA","California",2,10.21213,"Rural-Exurban","DEM","DEM",747410,0.507,92721,143695,45.5,0.236768307,0.257,0.036,"West"
"NC-09","NC","North Carolina",9,10.20829,"Rural-Exurban","REP","REP",769258,0.509,62661,79319,36.5,0.172139906,0.184,0.026,"South"
"LA-03","LA","Louisiana",3,10.18615,"Rural-Exurban","REP","",760945,0.509,53406,83247,38,0.162249571,0.166,0.029,"South"
"IN-03","IN","Indiana",3,10.18394,"Rural-Exurban","REP","REP",762110,0.502,65522,86998,37.5,0.170842792,0.169,0.023,"Midwest"
"NC-08","NC","North Carolina",8,10.18313,"Rural-Exurban","REP","REP",760699,0.507,69466,97207,40.5,0.170373564,0.177,0.023,"South"
"CO-04","CO","Colorado",4,10.18295,"Rural-Exurban","REP","REP",748891,0.485,108087,140908,39.1,0.154187993,0.32,0.018,"West"
"NC-10","NC","North Carolina",10,10.17915,"Rural-Exurban","REP","REP",768814,0.5,64668,88672,42.9,0.192945238,0.183,0.023,"South"
"OK-04","OK","Oklahoma",4,10.17789,"Rural-Exurban","REP","REP",805331,0.498,62067,78845,36.3,0.158385807,0.177,0.029,"South"
"OR-04","OR","Oregon",4,10.15422,"Rural-Exurban","DEM","DEM",715450,0.502,61845,81852,42.5,0.233152561,0.193,0.03,"West"
"TX-10","TX","Texas",10,10.15221,"Rural-Exurban","REP","REP",803507,0.495,80035,117620,36.5,0.148516441,0.26,0.023,"South"
"MO-03","MO","Missouri",3,10.14706,"Rural-Exurban","REP","REP",773675,0.507,75478,97042,39.7,0.183274631,0.213,0.021,"Midwest"
"OH-06","OH","Ohio",6,10.12129,"Rural-Exurban","REP","REP",778876,0.501,57817,75239,43.2,0.221416503,0.14,0.019,"Midwest"
"MD-01","MD","Maryland",1,10.11806,"Rural-Exurban","REP","REP",781695,0.503,87671,113507,42.2,0.198133543,0.202,0.02,"South"
"GA-10","GA","Georgia",10,10.11493,"Rural-Exurban","REP","REP",806637,0.511,73988,95128,37.7,0.151582434,0.183,0.026,"South"
"AL-01","AL","Alabama",1,10.10553,"Rural-Exurban","REP","REP",730935,0.515,58781,83458,40.9,0.193123876,0.171,0.029,NA
"PA-16","PA","Pennsylvania",16,10.09883,"Rural-Exurban","REP","REP",761430,0.504,61715,87862,42.9,0.213797723,0.189,0.02,"Northeast"
"TN-06","TN","Tennessee",6,10.09657,"Rural-Exurban","REP","REP",783125,0.499,64687,89526,39.6,0.177156903,0.194,0.021,NA
"HI-02","HI","Hawaii",2,10.08184,"Rural-Exurban","DEM","DEM",722458,0.495,89314,110163,40.7,0.204104598,0.199,0.022,NA
"SC-05","SC","South Carolina",5,10.07118,"Rural-Exurban","REP","REP",758549,0.513,66451,89708,40.5,0.179376678,0.187,0.024,"South"
"WA-04","WA","Washington",4,10.07076,"Rural-Exurban","REP","REP",783190,0.492,73355,93585,35,0.153684291,0.15,0.031,"West"
"WI-08","WI","Wisconsin",8,10.06483,"Rural-Exurban","REP","REP",742030,0.496,71930,94154,41.3,0.188185114,0.209,0.017,"Midwest"
"MO-07","MO","Missouri",7,10.0606,"Rural-Exurban","REP","REP",785669,0.507,56419,74018,38.5,0.182813628,0.175,0.022,"Midwest"
"GA-03","GA","Georgia",3,10.05251,"Rural-Exurban","REP","REP",785113,0.511,74348,99129,39.1,0.173208188,0.173,0.023,"South"
"VA-06","VA","Virginia",6,10.05085,"Rural-Exurban","REP","REP",784909,0.514,67623,88953,40.8,0.203113992,0.174,0.022,"South"
"MI-09","MI","Michigan",9,10.04531,"Rural-Exurban","DEM","REP",777301,0.501,78456,106685,43.8,0.196492736,0.182,0.019,"Midwest"
"NC-05","NC","North Carolina",5,10.03604,"Rural-Exurban","REP","REP",754512,0.514,54503,81612,41.6,0.201550141,0.186,0.028,"South"
"TX-17","TX","Texas",17,10.03186,"Rural-Exurban","REP","REP",781996,0.493,63266,81530,35.9,0.152381854,0.167,0.03,"South"
"TX-27","TX","Texas",27,10.02864,"Rural-Exurban","REP","REP",771898,0.496,61819,82853,38.2,0.171166398,0.136,0.029,"South"
"NY-19","NY","New York",19,10.01977,"Rural-Exurban","DEM","REP",768600,0.5,67645,92799,42.2,0.213001561,0.185,0.024,"Northeast"
"NC-07","NC","North Carolina",7,10.01653,"Rural-Exurban","REP","REP",774574,0.514,62763,85247,41.8,0.210931428,0.203,0.024,"South"
"ID-01","ID","Idaho",1,10.01293,"Rural-Exurban","REP","REP",984950,0.494,72898,93106,39.6,0.185164729,0.205,0.017,"West"
"ID-02","ID","Idaho",2,9.99565,"Rural-Exurban","REP","REP",954083,0.499,72674,92108,35.5,0.154233961,0.224,0.019,"West"
"NM-02","NM","New Mexico",2,9.98027,"Rural-Exurban","REP","DEM",696764,0.503,53550,71424,36.9,0.173502075,0.134,0.03,NA
"TX-19","TX","Texas",19,9.97486,"Rural-Exurban","REP","REP",767757,0.489,58951,84101,33.7,0.140566612,0.167,0.026,"South"
"TX-13","TX","Texas",13,9.96255,"Rural-Exurban","REP","REP",776421,0.489,64369,85974,36.2,0.151028888,0.167,0.021,"South"
"TX-23","TX","Texas",23,9.96234,"Rural-Exurban","REP","REP",778355,0.491,71327,95460,34.6,0.136439028,0.195,0.023,"South"
"IN-04","IN","Indiana",4,9.95885,"Rural-Exurban","REP","REP",768518,0.493,72677,97133,37.4,0.159984542,0.196,0.016,"Midwest"
"PA-14","PA","Pennsylvania",14,9.93512,"Rural-Exurban","REP","REP",755713,0.501,62622,88772,45.1,0.229679786,0.172,0.029,"Northeast"
"GA-02","GA","Georgia",2,9.92455,"Rural-Exurban","DEM","DEM",755007,0.514,48779,68437,37.7,0.166100447,0.122,0.036,"South"
"OH-05","OH","Ohio",5,9.90051,"Rural-Exurban","REP","REP",785544,0.504,64333,88710,40.9,0.193171866,0.159,0.019,"Midwest"
"ME-01","ME","Maine",1,9.89315,"Rural-Exurban","DEM","DEM",697698,0.51,80938,107030,44.3,0.220377585,0.27,0.018,"Northeast"
"GA-01","GA","Georgia",1,9.88095,"Rural-Exurban","REP","REP",790309,0.513,63376,82187,37.1,0.162632591,0.168,0.027,"South"
"TN-01","TN","Tennessee",1,9.8716,"Rural-Exurban","REP","REP",781128,0.505,54716,76834,43.9,0.210449504,0.15,0.021,NA
"FL-03","FL","Florida",3,9.85896,"Rural-Exurban","REP","REP",794723,0.501,56286,80520,40.5,0.217855781,0.162,0.024,NA
"OH-04","OH","Ohio",4,9.84778,"Rural-Exurban","REP","REP",799350,0.495,72537,99973,40.7,0.179650966,0.188,0.023,"Midwest"
"CA-01","CA","California",1,9.84611,"Rural-Exurban","REP","REP",758561,0.496,64471,89083,38.7,0.189180567,0.164,0.038,"West"
"WI-06","WI","Wisconsin",6,9.83501,"Rural-Exurban","REP","REP",733889,0.493,68092,93250,42.7,0.205573322,0.189,0.013,"Midwest"
"SC-07","SC","South Carolina",7,9.82861,"Rural-Exurban","REP","REP",762499,0.521,53313,77890,45,0.236909163,0.161,0.027,"South"
"KS-02","KS","Kansas",2,9.77136,"Rural-Exurban","REP","REP",730784,0.496,60983,80182,37.7,0.174475632,0.169,0.025,"Midwest"
"OH-12","OH","Ohio",12,9.76928,"Rural-Exurban","REP","REP",793038,0.499,69819,95227,40,0.177722883,0.179,0.022,"Midwest"
"FL-02","FL","Florida",2,9.76267,"Rural-Exurban","REP","REP",792422,0.499,57516,83388,38.8,0.176904478,0.172,0.025,NA
"IN-09","IN","Indiana",9,9.74306,"Rural-Exurban","REP","REP",760778,0.501,67283,86927,39.6,0.176168343,0.164,0.021,"Midwest"
"IA-02","IA","Iowa",2,9.73029,"Rural-Exurban","REP","REP",793421,0.5,67862,91117,40.2,0.198049963,0.204,0.02,"Midwest"
"SC-03","SC","South Carolina",3,9.72732,"Rural-Exurban","REP","REP",752641,0.506,56693,80331,41.3,0.196218383,0.157,0.023,"South"
"NC-11","NC","North Carolina",11,9.70481,"Rural-Exurban","REP","REP",756051,0.521,62261,85301,45.7,0.248876068,0.224,0.017,"South"
"MS-04","MS","Mississippi",4,9.69525,"Rural-Exurban","REP","REP",750414,0.513,57460,77273,38.9,0.172612718,0.155,0.031,"South"
"MI-05","MI","Michigan",5,9.67438,"Rural-Exurban","DEM","REP",768082,0.495,64067,85508,42,0.201067074,0.148,0.029,"Midwest"
"TN-04","TN","Tennessee",4,9.67047,"Rural-Exurban","REP","REP",796991,0.502,65227,82606,37.9,0.156931509,0.173,0.016,NA
"GA-12","GA","Georgia",12,9.65989,"Rural-Exurban","REP","REP",770831,0.506,56189,80133,37.1,0.160525459,0.145,0.029,"South"
"IA-01","IA","Iowa",1,9.65413,"Rural-Exurban","REP","REP",798442,0.499,67381,87516,39,0.183372117,0.211,0.018,"Midwest"
"NH-02","NH","New Hampshire",2,9.63994,"Rural-Exurban","DEM","DEM",691308,0.497,88494,119762,43.8,0.208932921,0.239,0.02,"Northeast"
"TX-01","TX","Texas",1,9.61616,"Rural-Exurban","REP","REP",775992,0.509,60999,83392,39.1,0.182360127,0.147,0.022,"South"
"PA-09","PA","Pennsylvania",9,9.61451,"Rural-Exurban","REP","REP",760960,0.5,65710,86986,43.2,0.213241169,0.15,0.024,"Northeast"
"WV-02","WV","West Virginia",2,9.60292,"Rural-Exurban","REP","REP",898343,0.498,59773,81933,42,0.201145887,0.162,0.026,"South"
"IL-16","IL","Illinois",16,9.59515,"Rural-Exurban","REP","REP",745274,0.5,78393,100707,41.7,0.204599919,0.205,0.023,"Midwest"
"NY-24","NY","New York",24,9.59475,"Rural-Exurban","REP","REP",774173,0.498,66103,85603,42.3,0.205073026,0.16,0.026,"Northeast"
"IN-08","IN","Indiana",8,9.56708,"Rural-Exurban","REP","REP",752244,0.498,61601,82509,39.8,0.191958992,0.151,0.019,"Midwest"
"KY-02","KY","Kentucky",2,9.56108,"Rural-Exurban","REP","REP",756377,0.503,61768,86840,39.6,0.171492523,0.144,0.022,"South"
"TN-08","TN","Tennessee",8,9.55329,"Rural-Exurban","REP","REP",768105,0.515,63678,94568,41.3,0.195376934,0.168,0.025,NA
"AL-02","AL","Alabama",2,9.51913,"Rural-Exurban","REP","REP",723094,0.515,57561,78988,39.1,0.180406697,0.155,0.024,NA
"OK-03","OK","Oklahoma",3,9.51656,"Rural-Exurban","REP","REP",796469,0.491,54397,73175,35.5,0.153314191,0.15,0.025,"South"
"PA-13","PA","Pennsylvania",13,9.46451,"Mostly Rural","REP","REP",764692,0.5,64430,87402,43.6,0.218689355,0.138,0.018,"Northeast"
"AL-03","AL","Alabama",3,9.46407,"Mostly Rural","REP","REP",723164,0.514,54047,76517,39.4,0.182316874,0.152,0.027,NA
"LA-04","LA","Louisiana",4,9.45829,"Mostly Rural","REP","",761461,0.511,48618,70897,38.5,0.176946685,0.132,0.033,"South"
"NC-01","NC","North Carolina",1,9.45644,"Mostly Rural","DEM","DEM",753536,0.514,53854,75802,40.7,0.197284536,0.161,0.031,"South"
"MN-01","MN","Minnesota",1,9.4322,"Mostly Rural","REP","REP",714126,0.497,73826,97587,39.4,0.191356987,0.204,0.02,"Midwest"
"OH-02","OH","Ohio",2,9.35387,"Mostly Rural","REP","REP",786489,0.499,61589,84216,41.1,0.185701262,0.132,0.02,"Midwest"
"NC-03","NC","North Carolina",3,9.34073,"Mostly Rural","REP","REP",756848,0.492,61546,80318,37.8,0.185326512,0.176,0.022,"South"
"VA-05","VA","Virginia",5,9.33159,"Mostly Rural","REP","REP",797420,0.507,63384,95989,41.4,0.209034135,0.201,0.021,"South"
"GA-08","GA","Georgia",8,9.29515,"Mostly Rural","REP","REP",769408,0.509,55822,81177,37.2,0.16323849,0.125,0.022,"South"
"NY-23","NY","New York",23,9.27141,"Mostly Rural","REP","REP",770357,0.505,66388,94297,43.9,0.217518631,0.171,0.026,"Northeast"
"ND-01","ND","North Dakota",1,9.26211,"Mostly Rural","REP","REP",779261,0.488,71970,94991,36.2,0.16720072,0.223,0.015,"Midwest"
"MO-06","MO","Missouri",6,9.23278,"Mostly Rural","REP","REP",768652,0.499,66176,91011,39.3,0.179909764,0.165,0.02,"Midwest"
"MS-01","MS","Mississippi",1,9.21649,"Mostly Rural","REP","REP",748916,0.513,56871,80948,38.1,0.16711487,0.146,0.022,"South"
"IA-04","IA","Iowa",4,9.20412,"Mostly Rural","REP","REP",794584,0.492,68755,88720,39,0.194862972,0.19,0.02,"Midwest"
"MS-03","MS","Mississippi",3,9.18269,"Mostly Rural","REP","REP",735973,0.522,56209,81816,39.3,0.175824385,0.173,0.024,"South"
"AL-04","AL","Alabama",4,9.14366,"Mostly Rural","REP","REP",727607,0.512,54960,79078,40.8,0.188182632,0.118,0.024,NA
"MO-04","MO","Missouri",4,9.13833,"Mostly Rural","REP","REP",780184,0.497,62213,82741,38.4,0.180890662,0.158,0.023,"Midwest"
"CO-03","CO","Colorado",3,9.12253,"Mostly Rural","REP","REP",731516,0.498,67311,89336,41.8,0.209341969,0.224,0.022,"West"
"VA-09","VA","Virginia",9,9.07969,"Mostly Rural","REP","REP",785166,0.498,54260,80818,44,0.224976629,0.142,0.015,"South"
"WV-01","WV","West Virginia",1,9.06467,"Mostly Rural","REP","REP",876813,0.509,49609,78668,43.8,0.222925527,0.137,0.024,"South"
"VT-01","VT","Vermont",1,9.05338,"Mostly Rural","DEM","DEM",647064,0.504,73991,95179,43.2,0.216094544,0.245,0.018,"Northeast"
"LA-05","LA","Louisiana",5,9.05237,"Mostly Rural","REP","",767855,0.502,46162,70807,37.7,0.174527743,0.136,0.033,"South"
"NM-03","NM","New Mexico",3,9.01836,"Mostly Rural","DEM","DEM",703053,0.506,58790,81134,40.4,0.202040244,0.156,0.03,NA
"WI-03","WI","Wisconsin",3,9.00014,"Mostly Rural","DEM","REP",741433,0.491,67520,87090,39.5,0.194120035,0.185,0.018,"Midwest"
"MO-08","MO","Missouri",8,8.99901,"Mostly Rural","REP","REP",775424,0.5,53903,76922,40.7,0.185685509,0.137,0.023,"Midwest"
"MS-02","MS","Mississippi",2,8.97501,"Mostly Rural","DEM","DEM",704754,0.511,40532,63317,39.4,0.183178811,0.13,0.034,"South"
"KS-01","KS","Kansas",1,8.97284,"Mostly Rural","REP","REP",727503,0.493,60646,77866,36,0.178764899,0.188,0.019,"Midwest"
"SD-01","SD","South Dakota",1,8.9698,"Mostly Rural","REP","REP",909824,0.492,69728,89048,38.5,0.182352851,0.217,0.019,"Midwest"
"MT-01","MT","Montana",1,8.95109,"Mostly Rural","REP","REP",569331,0.491,65994,91510,39.9,0.199843325,0.241,0.021,"West"
"PA-15","PA","Pennsylvania",15,8.93615,"Mostly Rural","REP","REP",759208,0.488,60094,80712,42.7,0.211631068,0.143,0.019,"Northeast"
"IL-12","IL","Illinois",12,8.90855,"Mostly Rural","REP","REP",748293,0.496,62253,81304,41.9,0.198515822,0.152,0.022,"Midwest"
"OR-02","OR","Oregon",2,8.90369,"Mostly Rural","REP","REP",700774,0.495,62171,83149,43.1,0.233150773,0.146,0.029,"West"
"IL-15","IL","Illinois",15,8.88089,"Mostly Rural","REP","REP",746507,0.503,66614,87685,42.1,0.210729437,0.16,0.019,"Midwest"
"KY-01","KY","Kentucky",1,8.87433,"Mostly Rural","REP","REP",757381,0.506,54615,74436,40,0.189415895,0.123,0.025,"South"
"AR-01","AR","Arkansas",1,8.83946,"Mostly Rural","REP","REP",747672,0.501,50233,76033,41.1,0.193695899,0.112,0.029,NA
"MI-02","MI","Michigan",2,8.82769,"Mostly Rural","REP","REP",781036,0.49,61030,79846,41.6,0.196318736,0.143,0.023,"Midwest"
"AZ-02","AZ","Arizona",2,8.78438,"Mostly Rural","DEM","REP",820500,0.494,62015,81524,41.9,0.230145034,0.156,0.027,"South"
"NY-21","NY","New York",21,8.77082,"Mostly Rural","REP","REP",776361,0.487,66565,85227,42.4,0.207135598,0.155,0.02,"Northeast"
"KY-05","KY","Kentucky",5,8.76626,"Mostly Rural","REP","REP",739149,0.499,42736,65175,41.9,0.188090629,0.089,0.02,"South"
"AR-04","AR","Arkansas",4,8.73533,"Mostly Rural","REP","REP",751385,0.501,48035,68641,41,0.198485464,0.12,0.023,NA
"AK-01","AK","Alaska",1,8.7344,"Mostly Rural","DEM","DEM",733583,0.474,88121,106785,35.9,0.138326542,0.192,0.029,"West"
"MN-08","MN","Minnesota",8,8.7145,"Mostly Rural","REP","REP",725126,0.491,69868,92889,42.6,0.214961262,0.18,0.022,"Midwest"
"OK-02","OK","Oklahoma",2,8.6155,"Mostly Rural","REP","REP",802111,0.501,50776,72998,39.7,0.191936029,0.135,0.022,"South"
"MT-02","MT","Montana",2,8.61416,"Mostly Rural","new_seat","REP",553536,0.499,69884,89221,40.5,0.202984088,0.216,0.017,"West"
"ME-02","ME","Maine",2,8.55475,"Mostly Rural","DEM","DEM",687642,0.501,59676,81913,46,0.231422746,0.175,0.022,"Northeast"
"WY-01","WY","Wyoming",1,8.52656,"Mostly Rural","REP","REP",581381,0.488,70042,88486,39.1,0.185743944,0.18,0.024,"West"
"WI-07","WI","Wisconsin",7,8.42007,"Mostly Rural","REP","REP",740385,0.492,66222,89948,45.4,0.225724454,0.178,0.017,"Midwest"
"MI-01","MI","Michigan",1,8.3504,"Mostly Rural","REP","REP",782743,0.488,60877,78945,47.6,0.25738333,0.177,0.021,"Midwest"
"NE-03","NE","Nebraska",3,8.26581,"Mostly Rural","REP","REP",649904,0.498,61627,80233,40.6,0.21024182,0.173,0.013,"Midwest"
"MN-07","MN","Minnesota",7,8.14396,"Mostly Rural","REP","REP",713848,0.493,70672,90681,41.9,0.213216259,0.178,0.019,"Midwest"
