Name,Congressional District Number,State ,Total Population ,Percentage Women,Median Household Income,Mean Household Income,Median Age ,Percentage Retirees (65+) ,Percentage Bachelors Degree in Population over 25,Unemployment Rate (16 and over) 
" -> Congressional District 1 (118th Congress), Alabama",1,Alabama,730935,0.515,58781,83458,40.9,0.193123876,0.171,0.029
" -> Congressional District 2 (118th Congress), Alabama",2,Alabama,723094,0.515,57561,78988,39.1,0.180406697,0.155,0.024
" -> Congressional District 3 (118th Congress), Alabama",3,Alabama,723164,0.514,54047,76517,39.4,0.182316874,0.152,0.027
" -> Congressional District 4 (118th Congress), Alabama",4,Alabama,727607,0.512,54960,79078,40.8,0.188182632,0.118,0.024
" -> Congressional District 5 (118th Congress), Alabama",5,Alabama,743238,0.506,73698,101427,40.2,0.172317616,0.221,0.021
" -> Congressional District 6 (118th Congress), Alabama",6,Alabama,710137,0.516,78796,112952,39.8,0.170772682,0.248,0.017
" -> Congressional District 7 (118th Congress), Alabama",7,Alabama,716121,0.527,45784,70138,36.5,0.17216085,0.162,0.034
" -> Congressional District (at Large) (118th Congress), Alaska",1,Alaska,733583,0.474,88121,106785,35.9,0.138326542,0.192,0.029
" -> Congressional District 1 (118th Congress), Arizona",1,Arizona,799436,0.507,91562,142247,43.9,0.210979991,0.323,0.021
" -> Congressional District 2 (118th Congress), Arizona",2,Arizona,820500,0.494,62015,81524,41.9,0.230145034,0.156,0.027
" -> Congressional District 3 (118th Congress), Arizona",3,Arizona,835089,0.495,63913,84482,31,0.0872889,0.121,0.032
" -> Congressional District 4 (118th Congress), Arizona",4,Arizona,799833,0.487,79108,98571,34.6,0.148994853,0.24,0.025
" -> Congressional District 5 (118th Congress), Arizona",5,Arizona,835596,0.503,101489,133517,38.3,0.165972551,0.257,0.018
" -> Congressional District 6 (118th Congress), Arizona",6,Arizona,790643,0.504,71152,97110,44.1,0.261196267,0.231,0.024
" -> Congressional District 7 (118th Congress), Arizona",7,Arizona,815141,0.499,52555,70987,34,0.146083929,0.138,0.031
" -> Congressional District 8 (118th Congress), Arizona",8,Arizona,811500,0.512,79042,104214,42.6,0.232293284,0.201,0.024
" -> Congressional District 9 (118th Congress), Arizona",9,Arizona,851459,0.501,73310,99426,41.5,0.210939106,0.157,0.03
" -> Congressional District 1 (118th Congress), Arkansas",1,Arkansas,747672,0.501,50233,76033,41.1,0.193695899,0.112,0.029
" -> Congressional District 2 (118th Congress), Arkansas",2,Arkansas,761676,0.521,60134,86830,38.6,0.172123055,0.192,0.027
" -> Congressional District 3 (118th Congress), Arkansas",3,Arkansas,784904,0.501,66414,91554,35.6,0.144960403,0.205,0.024
" -> Congressional District 4 (118th Congress), Arkansas",4,Arkansas,751385,0.501,48035,68641,41,0.198485464,0.12,0.023
" -> Congressional District 1 (118th Congress), California",1,California,758561,0.496,64471,89083,38.7,0.189180567,0.164,0.038
" -> Congressional District 2 (118th Congress), California",2,California,747410,0.507,92721,143695,45.5,0.236768307,0.257,0.036
" -> Congressional District 3 (118th Congress), California",3,California,773866,0.502,98689,138499,43.7,0.223374589,0.263,0.023
" -> Congressional District 4 (118th Congress), California",4,California,765203,0.501,87319,120019,39.3,0.190464491,0.203,0.036
" -> Congressional District 5 (118th Congress), California",5,California,778853,0.505,84734,117476,41.4,0.206017053,0.194,0.031
" -> Congressional District 6 (118th Congress), California",6,California,749993,0.506,80409,103919,36.6,0.145234689,0.202,0.033
" -> Congressional District 7 (118th Congress), California",7,California,763060,0.504,85158,111062,37.3,0.157310041,0.22,0.034
" -> Congressional District 8 (118th Congress), California",8,California,748189,0.511,91501,120329,38.7,0.166381756,0.2,0.039
" -> Congressional District 9 (118th Congress), California",9,California,769426,0.498,86062,112256,35.4,0.137290656,0.156,0.041
" -> Congressional District 10 (118th Congress), California",10,California,754064,0.504,143122,197073,41.4,0.171409854,0.319,0.026
" -> Congressional District 11 (118th Congress), California",11,California,705678,0.484,139300,219266,39.7,0.179640006,0.369,0.024
" -> Congressional District 12 (118th Congress), California",12,California,736597,0.503,100136,158118,38.3,0.161431556,0.29,0.026
" -> Congressional District 13 (118th Congress), California",13,California,782352,0.491,67465,90186,32.2,0.114407581,0.107,0.057
" -> Congressional District 14 (118th Congress), California",14,California,733220,0.507,135760,176217,40.6,0.160562996,0.29,0.029
" -> Congressional District 15 (118th Congress), California",15,California,719254,0.5,135162,194363,41.3,0.182016367,0.277,0.024
" -> Congressional District 16 (118th Congress), California",16,California,735381,0.504,160623,252250,40.6,0.179766679,0.292,0.023
" -> Congressional District 17 (118th Congress), California",17,California,740766,0.474,166489,225445,37.4,0.134193524,0.299,0.027
" -> Congressional District 18 (118th Congress), California",18,California,734686,0.482,96509,125896,34.5,0.122027642,0.169,0.029
" -> Congressional District 19 (118th Congress), California",19,California,745616,0.502,118453,175344,41.4,0.202086597,0.279,0.024
" -> Congressional District 20 (118th Congress), California",20,California,793325,0.499,82983,109435,35.3,0.14616204,0.183,0.028
" -> Congressional District 21 (118th Congress), California",21,California,748904,0.494,61213,82126,32,0.112003675,0.121,0.051
" -> Congressional District 22 (118th Congress), California",22,California,775019,0.483,54697,73829,30.3,0.09561572,0.073,0.048
" -> Congressional District 23 (118th Congress), California",23,California,756057,0.485,68322,92714,34,0.134761003,0.118,0.043
" -> Congressional District 24 (118th Congress), California",24,California,750711,0.497,91784,122616,37.7,0.187602153,0.246,0.026
" -> Congressional District 25 (118th Congress), California",25,California,773601,0.496,65453,86556,37.3,0.171044246,0.112,0.038
" -> Congressional District 26 (118th Congress), California",26,California,758064,0.506,107265,147543,39.4,0.170844414,0.238,0.028
" -> Congressional District 27 (118th Congress), California",27,California,737592,0.504,98123,126171,37.9,0.139512088,0.195,0.038
" -> Congressional District 28 (118th Congress), California",28,California,719742,0.513,98310,147928,43,0.194655863,0.279,0.027
" -> Congressional District 29 (118th Congress), California",29,California,728732,0.495,67175,93964,36.6,0.130563774,0.179,0.049
" -> Congressional District 30 (118th Congress), California",30,California,732048,0.502,85046,127287,40,0.167505409,0.33,0.044
" -> Congressional District 31 (118th Congress), California",31,California,730452,0.5,82631,104798,39.1,0.160287055,0.164,0.03
" -> Congressional District 32 (118th Congress), California",32,California,783556,0.504,103213,164440,40.6,0.179102706,0.311,0.039
" -> Congressional District 33 (118th Congress), California",33,California,774631,0.505,81830,102043,33.7,0.109676736,0.14,0.036
" -> Congressional District 34 (118th Congress), California",34,California,745561,0.488,58845,90698,36.6,0.141218492,0.198,0.043
" -> Congressional District 35 (118th Congress), California",35,California,769910,0.497,84692,102832,34.2,0.107626865,0.154,0.036
" -> Congressional District 36 (118th Congress), California",36,California,727412,0.514,121164,178732,40.7,0.18294859,0.376,0.036
" -> Congressional District 37 (118th Congress), California",37,California,740416,0.498,64565,105185,34.5,0.121773435,0.18,0.046
" -> Congressional District 38 (118th Congress), California",38,California,720021,0.504,90687,116060,40.2,0.174783791,0.204,0.027
" -> Congressional District 39 (118th Congress), California",39,California,770106,0.501,84017,101185,32.9,0.109708274,0.119,0.037
" -> Congressional District 40 (118th Congress), California",40,California,742204,0.503,124144,159845,43.1,0.192022678,0.316,0.025
" -> Congressional District 41 (118th Congress), California",41,California,797316,0.49,95306,123567,40.1,0.186320104,0.203,0.031
" -> Congressional District 42 (118th Congress), California",42,California,723841,0.507,73006,96607,36,0.124614384,0.173,0.033
" -> Congressional District 43 (118th Congress), California",43,California,723043,0.513,66509,90543,35.5,0.126258051,0.154,0.044
" -> Congressional District 44 (118th Congress), California",44,California,735344,0.505,78725,104095,36.8,0.14033024,0.17,0.039
" -> Congressional District 45 (118th Congress), California",45,California,752508,0.503,100891,131008,40.8,0.172068603,0.252,0.027
" -> Congressional District 46 (118th Congress), California",46,California,749454,0.504,80779,102727,34.8,0.120453023,0.157,0.028
" -> Congressional District 47 (118th Congress), California",47,California,752940,0.503,117944,167329,38.5,0.161201424,0.358,0.026
" -> Congressional District 48 (118th Congress), California",48,California,766556,0.5,105095,123665,38.7,0.173545051,0.22,0.025
" -> Congressional District 49 (118th Congress), California",49,California,752364,0.488,109380,150874,40,0.179736138,0.306,0.026
" -> Congressional District 50 (118th Congress), California",50,California,748969,0.486,108881,147311,37,0.152242616,0.326,0.028
" -> Congressional District 51 (118th Congress), California",51,California,757528,0.5,100357,126874,37.3,0.147778036,0.273,0.031
" -> Congressional District 52 (118th Congress), California",52,California,749240,0.503,79870,97953,35.3,0.13451364,0.181,0.04
" -> Congressional District 1 (118th Congress), Colorado",1,Colorado,720042,0.495,87684,129542,35,0.123283086,0.358,0.027
" -> Congressional District 2 (118th Congress), Colorado",2,Colorado,726112,0.497,94059,125122,37.7,0.167906604,0.347,0.023
" -> Congressional District 3 (118th Congress), Colorado",3,Colorado,731516,0.498,67311,89336,41.8,0.209341969,0.224,0.022
" -> Congressional District 4 (118th Congress), Colorado",4,Colorado,748891,0.485,108087,140908,39.1,0.154187993,0.32,0.018
" -> Congressional District 5 (118th Congress), Colorado",5,Colorado,732858,0.488,82432,101822,35.1,0.139591845,0.258,0.026
" -> Congressional District 6 (118th Congress), Colorado",6,Colorado,718693,0.498,91725,123611,37.8,0.148881372,0.286,0.028
" -> Congressional District 7 (118th Congress), Colorado",7,Colorado,724362,0.488,97203,125098,41.7,0.189617898,0.311,0.019
" -> Congressional District 8 (118th Congress), Colorado",8,Colorado,737452,0.495,92047,114194,35.4,0.121652663,0.198,0.026
" -> Congressional District 1 (118th Congress), Connecticut",1,Connecticut,718849,0.516,80371,111086,40.2,0.18023674,0.22,0.034
" -> Congressional District 2 (118th Congress), Connecticut",2,Connecticut,727411,0.503,88894,120303,42.5,0.204528114,0.223,0.026
" -> Congressional District 3 (118th Congress), Connecticut",3,Connecticut,735042,0.511,86205,120600,39.9,0.179546203,0.2,0.028
" -> Congressional District 4 (118th Congress), Connecticut",4,Connecticut,710465,0.507,106972,190234,41.1,0.170174463,0.281,0.034
" -> Congressional District 5 (118th Congress), Connecticut",5,Connecticut,734438,0.514,87715,121720,40.8,0.180404609,0.227,0.032
" -> Congressional District (at Large) (118th Congress), Delaware",1,Delaware,1018396,0.514,82174,104569,41.5,0.208347244,0.21,0.027
" -> Delegate District (at Large) (118th Congress), District of Columbia",1,District of Columbia,671803,0.524,101027,155023,34.9,0.13002919,0.264,0.036
" -> Congressional District 1 (118th Congress), Florida",1,Florida,789347,0.495,71302,91357,39,0.174587349,0.2,0.023
" -> Congressional District 2 (118th Congress), Florida",2,Florida,792422,0.499,57516,83388,38.8,0.176904478,0.172,0.025
" -> Congressional District 3 (118th Congress), Florida",3,Florida,794723,0.501,56286,80520,40.5,0.217855781,0.162,0.024
" -> Congressional District 4 (118th Congress), Florida",4,Florida,801792,0.515,70226,87260,38.2,0.163786867,0.175,0.028
" -> Congressional District 5 (118th Congress), Florida",5,Florida,801685,0.509,84630,115644,39.3,0.174161921,0.303,0.019
" -> Congressional District 6 (118th Congress), Florida",6,Florida,812621,0.512,60287,83926,49.2,0.279114126,0.165,0.021
" -> Congressional District 7 (118th Congress), Florida",7,Florida,788222,0.509,75437,103461,42.3,0.20143183,0.223,0.022
" -> Congressional District 8 (118th Congress), Florida",8,Florida,801682,0.507,73344,99322,48.9,0.268806085,0.213,0.023
" -> Congressional District 9 (118th Congress), Florida",9,Florida,821662,0.5,69493,95156,38.5,0.14254158,0.239,0.023
" -> Congressional District 10 (118th Congress), Florida",10,Florida,766928,0.51,64575,96054,34.9,0.127559562,0.256,0.029
" -> Congressional District 11 (118th Congress), Florida",11,Florida,822462,0.511,78966,110304,44.9,0.25725687,0.233,0.019
" -> Congressional District 12 (118th Congress), Florida",12,Florida,806076,0.506,59804,90255,47,0.261756956,0.162,0.024
" -> Congressional District 13 (118th Congress), Florida",13,Florida,763693,0.517,65785,102181,51.5,0.281768983,0.221,0.022
" -> Congressional District 14 (118th Congress), Florida",14,Florida,782155,0.505,70955,113446,39,0.165459532,0.26,0.028
" -> Congressional District 15 (118th Congress), Florida",15,Florida,817831,0.503,67704,96929,38.9,0.166025744,0.213,0.028
" -> Congressional District 16 (118th Congress), Florida",16,Florida,824961,0.519,79125,103570,43.4,0.229684797,0.225,0.021
" -> Congressional District 17 (118th Congress), Florida",17,Florida,839779,0.515,70558,94705,55.1,0.345458746,0.199,0.02
" -> Congressional District 18 (118th Congress), Florida",18,Florida,833693,0.498,57810,78504,40.2,0.211612668,0.128,0.023
" -> Congressional District 19 (118th Congress), Florida",19,Florida,802244,0.51,76223,109733,54.6,0.348039998,0.23,0.018
" -> Congressional District 20 (118th Congress), Florida",20,Florida,768934,0.513,57237,78305,39.8,0.179841183,0.167,0.039
" -> Congressional District 21 (118th Congress), Florida",21,Florida,807943,0.503,76355,112956,48,0.269849482,0.229,0.024
" -> Congressional District 22 (118th Congress), Florida",22,Florida,783947,0.513,73404,114136,46.7,0.26959348,0.235,0.025
" -> Congressional District 23 (118th Congress), Florida",23,Florida,768707,0.513,80179,121695,43.1,0.2136874,0.274,0.024
" -> Congressional District 24 (118th Congress), Florida",24,Florida,791673,0.505,60388,95698,39.7,0.165784358,0.202,0.029
" -> Congressional District 25 (118th Congress), Florida",25,Florida,767802,0.504,79024,110218,41.9,0.170180593,0.265,0.028
" -> Congressional District 26 (118th Congress), Florida",26,Florida,796673,0.509,67071,92098,42.6,0.189362511,0.192,0.021
" -> Congressional District 27 (118th Congress), Florida",27,Florida,754619,0.509,75323,129442,42.2,0.191162693,0.251,0.018
" -> Congressional District 28 (118th Congress), Florida",28,Florida,740547,0.503,73429,95459,41.4,0.174433223,0.198,0.017
" -> Congressional District 1 (118th Congress), Georgia",1,Georgia,790309,0.513,63376,82187,37.1,0.162632591,0.168,0.027
" -> Congressional District 2 (118th Congress), Georgia",2,Georgia,755007,0.514,48779,68437,37.7,0.166100447,0.122,0.036
" -> Congressional District 3 (118th Congress), Georgia",3,Georgia,785113,0.511,74348,99129,39.1,0.173208188,0.173,0.023
" -> Congressional District 4 (118th Congress), Georgia",4,Georgia,781395,0.525,73742,107398,36.6,0.137351788,0.229,0.034
" -> Congressional District 5 (118th Congress), Georgia",5,Georgia,759771,0.514,80430,128358,34.8,0.131388274,0.31,0.032
" -> Congressional District 6 (118th Congress), Georgia",6,Georgia,790519,0.504,123105,159602,40.2,0.150852794,0.359,0.019
" -> Congressional District 7 (118th Congress), Georgia",7,Georgia,776248,0.512,84547,111242,36.2,0.116447321,0.255,0.027
" -> Congressional District 8 (118th Congress), Georgia",8,Georgia,769408,0.509,55822,81177,37.2,0.16323849,0.125,0.022
" -> Congressional District 9 (118th Congress), Georgia",9,Georgia,794277,0.505,76038,99178,40.4,0.176439706,0.201,0.022
" -> Congressional District 10 (118th Congress), Georgia",10,Georgia,806637,0.511,73988,95128,37.7,0.151582434,0.183,0.026
" -> Congressional District 11 (118th Congress), Georgia",11,Georgia,786646,0.514,90472,115456,37.6,0.145182204,0.282,0.022
" -> Congressional District 12 (118th Congress), Georgia",12,Georgia,770831,0.506,56189,80133,37.1,0.160525459,0.145,0.029
" -> Congressional District 13 (118th Congress), Georgia",13,Georgia,767394,0.531,71993,89033,36.4,0.115705883,0.193,0.033
" -> Congressional District 14 (118th Congress), Georgia",14,Georgia,779321,0.501,69169,90546,39.1,0.157582049,0.142,0.019
" -> Congressional District 1 (118th Congress), Hawaii",1,Hawaii,717738,0.497,96086,119586,40.9,0.205084585,0.242,0.021
" -> Congressional District 2 (118th Congress), Hawaii",2,Hawaii,722458,0.495,89314,110163,40.7,0.204104598,0.199,0.022
" -> Congressional District 1 (118th Congress), Idaho",1,Idaho,984950,0.494,72898,93106,39.6,0.185164729,0.205,0.017
" -> Congressional District 2 (118th Congress), Idaho",2,Idaho,954083,0.499,72674,92108,35.5,0.154233961,0.224,0.019
" -> Congressional District 1 (118th Congress), Illinois",1,Illinois,728550,0.524,64107,93637,40.2,0.185970764,0.179,0.052
" -> Congressional District 2 (118th Congress), Illinois",2,Illinois,730809,0.523,57780,81581,39.5,0.180168827,0.14,0.053
" -> Congressional District 3 (118th Congress), Illinois",3,Illinois,708538,0.492,78452,110500,37.2,0.140538687,0.247,0.031
" -> Congressional District 4 (118th Congress), Illinois",4,Illinois,718854,0.498,69123,101737,37.2,0.142607539,0.154,0.039
" -> Congressional District 5 (118th Congress), Illinois",5,Illinois,732819,0.51,104191,155018,37.5,0.162124617,0.374,0.018
" -> Congressional District 6 (118th Congress), Illinois",6,Illinois,737763,0.509,95298,131149,41.1,0.198036497,0.262,0.026
" -> Congressional District 7 (118th Congress), Illinois",7,Illinois,758917,0.527,76365,123828,34.2,0.130824583,0.257,0.045
" -> Congressional District 8 (118th Congress), Illinois",8,Illinois,749823,0.498,91317,115163,40,0.155063262,0.267,0.028
" -> Congressional District 9 (118th Congress), Illinois",9,Illinois,730979,0.498,86692,125253,41.6,0.188283111,0.321,0.033
" -> Congressional District 10 (118th Congress), Illinois",10,Illinois,744016,0.496,98057,145104,40.2,0.168745027,0.259,0.02
" -> Congressional District 11 (118th Congress), Illinois",11,Illinois,766225,0.505,99802,133296,40.1,0.160294953,0.276,0.029
" -> Congressional District 12 (118th Congress), Illinois",12,Illinois,748293,0.496,62253,81304,41.9,0.198515822,0.152,0.022
" -> Congressional District 13 (118th Congress), Illinois",13,Illinois,739838,0.508,59843,83717,37.3,0.175251879,0.186,0.034
" -> Congressional District 14 (118th Congress), Illinois",14,Illinois,756472,0.494,86174,109503,36.6,0.134297106,0.201,0.025
" -> Congressional District 15 (118th Congress), Illinois",15,Illinois,746507,0.503,66614,87685,42.1,0.210729437,0.16,0.019
" -> Congressional District 16 (118th Congress), Illinois",16,Illinois,745274,0.5,78393,100707,41.7,0.204599919,0.205,0.023
" -> Congressional District 17 (118th Congress), Illinois",17,Illinois,738355,0.502,56834,76341,38.7,0.189109575,0.158,0.029
" -> Congressional District 1 (118th Congress), Indiana",1,Indiana,755538,0.505,69580,92452,39.9,0.179397992,0.186,0.029
" -> Congressional District 2 (118th Congress), Indiana",2,Indiana,754764,0.505,62487,86538,37.9,0.176210047,0.165,0.019
" -> Congressional District 3 (118th Congress), Indiana",3,Indiana,762110,0.502,65522,86998,37.5,0.170842792,0.169,0.023
" -> Congressional District 4 (118th Congress), Indiana",4,Indiana,768518,0.493,72677,97133,37.4,0.159984542,0.196,0.016
" -> Congressional District 5 (118th Congress), Indiana",5,Indiana,772783,0.506,75915,114079,38.8,0.1668075,0.258,0.022
" -> Congressional District 6 (118th Congress), Indiana",6,Indiana,758725,0.503,69426,90452,38.2,0.170594089,0.185,0.02
" -> Congressional District 7 (118th Congress), Indiana",7,Indiana,747577,0.518,59595,86131,34.4,0.132387701,0.232,0.037
" -> Congressional District 8 (118th Congress), Indiana",8,Indiana,752244,0.498,61601,82509,39.8,0.191958992,0.151,0.019
" -> Congressional District 9 (118th Congress), Indiana",9,Indiana,760778,0.501,67283,86927,39.6,0.176168343,0.164,0.021
" -> Congressional District 1 (118th Congress), Iowa",1,Iowa,798442,0.499,67381,87516,39,0.183372117,0.211,0.018
" -> Congressional District 2 (118th Congress), Iowa",2,Iowa,793421,0.5,67862,91117,40.2,0.198049963,0.204,0.02
" -> Congressional District 3 (118th Congress), Iowa",3,Iowa,814070,0.501,74960,104117,37.6,0.160299483,0.253,0.02
" -> Congressional District 4 (118th Congress), Iowa",4,Iowa,794584,0.492,68755,88720,39,0.194862972,0.19,0.02
" -> Congressional District 1 (118th Congress), Kansas",1,Kansas,727503,0.493,60646,77866,36,0.178764899,0.188,0.019
" -> Congressional District 2 (118th Congress), Kansas",2,Kansas,730784,0.496,60983,80182,37.7,0.174475632,0.169,0.025
" -> Congressional District 3 (118th Congress), Kansas",3,Kansas,741829,0.503,91626,126418,39,0.166657006,0.312,0.02
" -> Congressional District 4 (118th Congress), Kansas",4,Kansas,737034,0.501,65593,85966,37.4,0.169808991,0.202,0.03
" -> Congressional District 1 (118th Congress), Kentucky",1,Kentucky,757381,0.506,54615,74436,40,0.189415895,0.123,0.025
" -> Congressional District 2 (118th Congress), Kentucky",2,Kentucky,756377,0.503,61768,86840,39.6,0.171492523,0.144,0.022
" -> Congressional District 3 (118th Congress), Kentucky",3,Kentucky,742826,0.513,63327,94222,38.3,0.173977486,0.214,0.033
" -> Congressional District 4 (118th Congress), Kentucky",4,Kentucky,762092,0.502,75907,101293,39.5,0.166302756,0.203,0.022
" -> Congressional District 5 (118th Congress), Kentucky",5,Kentucky,739149,0.499,42736,65175,41.9,0.188090629,0.089,0.02
" -> Congressional District 6 (118th Congress), Kentucky",6,Kentucky,754485,0.508,62298,88251,37.4,0.162945585,0.215,0.032
" -> Congressional District 1 (118th Congress), Louisiana",1,Louisiana,775766,0.509,69732,99302,39.8,0.18538451,0.217,0.026
" -> Congressional District 2 (118th Congress), Louisiana",2,Louisiana,727277,0.519,48015,76074,39,0.166924019,0.16,0.041
" -> Congressional District 3 (118th Congress), Louisiana",3,Louisiana,760945,0.509,53406,83247,38,0.162249571,0.166,0.029
" -> Congressional District 4 (118th Congress), Louisiana",4,Louisiana,761461,0.511,48618,70897,38.5,0.176946685,0.132,0.033
" -> Congressional District 5 (118th Congress), Louisiana",5,Louisiana,767855,0.502,46162,70807,37.7,0.174527743,0.136,0.033
" -> Congressional District 6 (118th Congress), Louisiana",6,Louisiana,796937,0.513,70632,96885,35.9,0.15388042,0.202,0.03
" -> Congressional District 1 (118th Congress), Maine",1,Maine,697698,0.51,80938,107030,44.3,0.220377585,0.27,0.018
" -> Congressional District 2 (118th Congress), Maine",2,Maine,687642,0.501,59676,81913,46,0.231422746,0.175,0.022
" -> Congressional District 1 (118th Congress), Maryland",1,Maryland,781695,0.503,87671,113507,42.2,0.198133543,0.202,0.02
" -> Congressional District 2 (118th Congress), Maryland",2,Maryland,772153,0.524,92468,124196,40.5,0.183183903,0.262,0.025
" -> Congressional District 3 (118th Congress), Maryland",3,Maryland,777611,0.508,119418,154016,40.2,0.1614239,0.29,0.019
" -> Congressional District 4 (118th Congress), Maryland",4,Maryland,750800,0.524,86941,103631,37.9,0.145672616,0.191,0.035
" -> Congressional District 5 (118th Congress), Maryland",5,Maryland,789972,0.5,121284,135099,38.8,0.151525624,0.233,0.028
" -> Congressional District 6 (118th Congress), Maryland",6,Maryland,792577,0.502,96041,126053,39.7,0.162129358,0.228,0.028
" -> Congressional District 7 (118th Congress), Maryland",7,Maryland,744504,0.532,56870,85174,36.8,0.163050837,0.172,0.033
" -> Congressional District 8 (118th Congress), Maryland",8,Maryland,755348,0.51,123494,171443,41.6,0.187945159,0.278,0.022
" -> Congressional District 1 (118th Congress), Massachusetts",1,Massachusetts,772032,0.51,68956,96674,42.1,0.198863519,0.191,0.029
" -> Congressional District 2 (118th Congress), Massachusetts",2,Massachusetts,785076,0.505,88327,124258,39.7,0.177210869,0.242,0.031
" -> Congressional District 3 (118th Congress), Massachusetts",3,Massachusetts,781020,0.507,91476,129462,39.5,0.157051036,0.222,0.028
" -> Congressional District 4 (118th Congress), Massachusetts",4,Massachusetts,782122,0.515,110374,165007,40.3,0.166950936,0.255,0.03
" -> Congressional District 5 (118th Congress), Massachusetts",5,Massachusetts,776294,0.515,115167,171015,39.5,0.172569928,0.284,0.017
" -> Congressional District 6 (118th Congress), Massachusetts",6,Massachusetts,771813,0.511,106226,149868,43.2,0.201604534,0.279,0.021
" -> Congressional District 7 (118th Congress), Massachusetts",7,Massachusetts,754113,0.512,81795,129758,32.9,0.122880788,0.264,0.038
" -> Congressional District 8 (118th Congress), Massachusetts",8,Massachusetts,773868,0.51,103758,153589,40.2,0.17861961,0.288,0.027
" -> Congressional District 9 (118th Congress), Massachusetts",9,Massachusetts,785636,0.507,94066,135443,47.3,0.246616754,0.251,0.025
" -> Congressional District 1 (118th Congress), Michigan",1,Michigan,782743,0.488,60877,78945,47.6,0.25738333,0.177,0.021
" -> Congressional District 2 (118th Congress), Michigan",2,Michigan,781036,0.49,61030,79846,41.6,0.196318736,0.143,0.023
" -> Congressional District 3 (118th Congress), Michigan",3,Michigan,781426,0.503,72574,98781,35.9,0.155383875,0.25,0.023
" -> Congressional District 4 (118th Congress), Michigan",4,Michigan,778490,0.506,70086,92562,37.8,0.177655461,0.209,0.023
" -> Congressional District 5 (118th Congress), Michigan",5,Michigan,768082,0.495,64067,85508,42,0.201067074,0.148,0.029
" -> Congressional District 6 (118th Congress), Michigan",6,Michigan,765213,0.503,88275,120504,38.8,0.171143198,0.276,0.022
" -> Congressional District 7 (118th Congress), Michigan",7,Michigan,779873,0.506,74404,100573,38.7,0.175397789,0.223,0.025
" -> Congressional District 8 (118th Congress), Michigan",8,Michigan,768166,0.51,57526,81071,41.5,0.198567757,0.169,0.039
" -> Congressional District 9 (118th Congress), Michigan",9,Michigan,777301,0.501,78456,106685,43.8,0.196492736,0.182,0.019
" -> Congressional District 10 (118th Congress), Michigan",10,Michigan,764788,0.512,71936,95139,41,0.187787988,0.189,0.03
" -> Congressional District 11 (118th Congress), Michigan",11,Michigan,769865,0.503,86379,125050,40.7,0.183963422,0.278,0.027
" -> Congressional District 12 (118th Congress), Michigan",12,Michigan,759672,0.517,54818,79389,37.3,0.167448583,0.165,0.043
" -> Congressional District 13 (118th Congress), Michigan",13,Michigan,757463,0.516,47778,75789,37.3,0.162566356,0.128,0.049
" -> Congressional District 1 (118th Congress), Minnesota",1,Minnesota,714126,0.497,73826,97587,39.4,0.191356987,0.204,0.02
" -> Congressional District 2 (118th Congress), Minnesota",2,Minnesota,724575,0.502,101144,127199,38.5,0.152976572,0.298,0.021
" -> Congressional District 3 (118th Congress), Minnesota",3,Minnesota,700754,0.504,100867,142010,41.4,0.185129161,0.329,0.021
" -> Congressional District 4 (118th Congress), Minnesota",4,Minnesota,700555,0.507,82138,114222,37.2,0.159739064,0.289,0.023
" -> Congressional District 5 (118th Congress), Minnesota",5,Minnesota,706667,0.499,77372,112891,34.7,0.134365974,0.312,0.031
" -> Congressional District 6 (118th Congress), Minnesota",6,Minnesota,731533,0.492,95930,120995,37.5,0.140643006,0.244,0.018
" -> Congressional District 7 (118th Congress), Minnesota",7,Minnesota,713848,0.493,70672,90681,41.9,0.213216259,0.178,0.019
" -> Congressional District 8 (118th Congress), Minnesota",8,Minnesota,725126,0.491,69868,92889,42.6,0.214961262,0.18,0.022
" -> Congressional District 1 (118th Congress), Mississippi",1,Mississippi,748916,0.513,56871,80948,38.1,0.16711487,0.146,0.022
" -> Congressional District 2 (118th Congress), Mississippi",2,Mississippi,704754,0.511,40532,63317,39.4,0.183178811,0.13,0.034
" -> Congressional District 3 (118th Congress), Mississippi",3,Mississippi,735973,0.522,56209,81816,39.3,0.175824385,0.173,0.024
" -> Congressional District 4 (118th Congress), Mississippi",4,Mississippi,750414,0.513,57460,77273,38.9,0.172612718,0.155,0.031
" -> Congressional District 1 (118th Congress), Missouri",1,Missouri,742101,0.521,57762,86740,37,0.166225352,0.214,0.035
" -> Congressional District 2 (118th Congress), Missouri",2,Missouri,778625,0.51,96915,133197,41.8,0.198005458,0.29,0.018
" -> Congressional District 3 (118th Congress), Missouri",3,Missouri,773675,0.507,75478,97042,39.7,0.183274631,0.213,0.021
" -> Congressional District 4 (118th Congress), Missouri",4,Missouri,780184,0.497,62213,82741,38.4,0.180890662,0.158,0.023
" -> Congressional District 5 (118th Congress), Missouri",5,Missouri,773627,0.513,61184,86890,37.1,0.163878717,0.222,0.023
" -> Congressional District 6 (118th Congress), Missouri",6,Missouri,768652,0.499,66176,91011,39.3,0.179909764,0.165,0.02
" -> Congressional District 7 (118th Congress), Missouri",7,Missouri,785669,0.507,56419,74018,38.5,0.182813628,0.175,0.022
" -> Congressional District 8 (118th Congress), Missouri",8,Missouri,775424,0.5,53903,76922,40.7,0.185685509,0.137,0.023
" -> Congressional District 1 (118th Congress), Montana",1,Montana,569331,0.491,65994,91510,39.9,0.199843325,0.241,0.021
" -> Congressional District 2 (118th Congress), Montana",2,Montana,553536,0.499,69884,89221,40.5,0.202984088,0.216,0.017
" -> Congressional District 1 (118th Congress), Nebraska",1,Nebraska,659903,0.494,74193,94549,36.1,0.159773482,0.242,0.015
" -> Congressional District 2 (118th Congress), Nebraska",2,Nebraska,658116,0.5,77535,110786,35.9,0.141046563,0.264,0.019
" -> Congressional District 3 (118th Congress), Nebraska",3,Nebraska,649904,0.498,61627,80233,40.6,0.21024182,0.173,0.013
" -> Congressional District 1 (118th Congress), Nevada",1,Nevada,767891,0.497,63781,87925,38.9,0.167719116,0.162,0.038
" -> Congressional District 2 (118th Congress), Nevada",2,Nevada,791398,0.491,79687,102689,40.2,0.19174423,0.176,0.029
" -> Congressional District 3 (118th Congress), Nevada",3,Nevada,796804,0.501,75550,105845,39.7,0.165811166,0.22,0.034
" -> Congressional District 4 (118th Congress), Nevada",4,Nevada,821679,0.497,70338,90471,36.9,0.153144963,0.143,0.037
" -> Congressional District 1 (118th Congress), New Hampshire",1,New Hampshire,703923,0.504,91412,122606,42.8,0.195399213,0.253,0.013
" -> Congressional District 2 (118th Congress), New Hampshire",2,New Hampshire,691308,0.497,88494,119762,43.8,0.208932921,0.239,0.02
" -> Congressional District 1 (118th Congress), New Jersey",1,New Jersey,766706,0.515,82670,111894,39.3,0.170873842,0.222,0.036
" -> Congressional District 2 (118th Congress), New Jersey",2,New Jersey,791164,0.501,80850,108849,43.1,0.209067905,0.195,0.033
" -> Congressional District 3 (118th Congress), New Jersey",3,New Jersey,773328,0.508,106253,143021,43,0.191393561,0.281,0.024
" -> Congressional District 4 (118th Congress), New Jersey",4,New Jersey,786940,0.514,90090,130419,41.6,0.216282055,0.26,0.027
" -> Congressional District 5 (118th Congress), New Jersey",5,New Jersey,774198,0.506,124761,166989,42.9,0.188491833,0.312,0.029
" -> Congressional District 6 (118th Congress), New Jersey",6,New Jersey,784092,0.501,100440,132663,38,0.15253057,0.254,0.034
" -> Congressional District 7 (118th Congress), New Jersey",7,New Jersey,775400,0.508,131419,184568,44.1,0.187823059,0.326,0.029
" -> Congressional District 8 (118th Congress), New Jersey",8,New Jersey,765996,0.494,78229,127181,35.4,0.119304801,0.244,0.034
" -> Congressional District 9 (118th Congress), New Jersey",9,New Jersey,751224,0.511,77469,111733,38.9,0.162034227,0.215,0.038
" -> Congressional District 10 (118th Congress), New Jersey",10,New Jersey,746241,0.513,67939,104054,37.9,0.146074794,0.197,0.05
" -> Congressional District 11 (118th Congress), New Jersey",11,New Jersey,779192,0.506,128233,183318,41.4,0.17518147,0.329,0.029
" -> Congressional District 12 (118th Congress), New Jersey",12,New Jersey,767218,0.508,109146,148551,40.9,0.165942405,0.267,0.037
" -> Congressional District 1 (118th Congress), New Mexico",1,New Mexico,713527,0.504,66579,91517,40.6,0.198799765,0.214,0.023
" -> Congressional District 2 (118th Congress), New Mexico",2,New Mexico,696764,0.503,53550,71424,36.9,0.173502075,0.134,0.03
" -> Congressional District 3 (118th Congress), New Mexico",3,New Mexico,703053,0.506,58790,81134,40.4,0.202040244,0.156,0.03
" -> Congressional District 1 (118th Congress), New York",1,New York,775158,0.509,126171,166414,44,0.20377652,0.245,0.024
" -> Congressional District 2 (118th Congress), New York",2,New York,775081,0.497,113994,140582,39.9,0.160596118,0.192,0.027
" -> Congressional District 3 (118th Congress), New York",3,New York,771208,0.513,129730,181141,44.9,0.214349436,0.293,0.023
" -> Congressional District 4 (118th Congress), New York",4,New York,771912,0.507,131291,164099,40.5,0.182773425,0.232,0.029
" -> Congressional District 5 (118th Congress), New York",5,New York,751997,0.519,81621,108662,41.2,0.171962122,0.185,0.041
" -> Congressional District 6 (118th Congress), New York",6,New York,752577,0.515,73861,104150,42.6,0.198907221,0.23,0.027
" -> Congressional District 7 (118th Congress), New York",7,New York,699930,0.512,88141,137243,34.2,0.113467061,0.303,0.036
" -> Congressional District 8 (118th Congress), New York",8,New York,754074,0.525,58631,100435,38.1,0.176082188,0.215,0.047
" -> Congressional District 9 (118th Congress), New York",9,New York,756507,0.528,71800,105059,36.9,0.165820012,0.234,0.049
" -> Congressional District 10 (118th Congress), New York",10,New York,706151,0.523,103988,200712,37,0.15408744,0.325,0.033
" -> Congressional District 11 (118th Congress), New York",11,New York,740025,0.51,82517,119276,41,0.181791156,0.203,0.03
" -> Congressional District 12 (118th Congress), New York",12,New York,705008,0.519,142104,232024,40.3,0.198956608,0.403,0.029
" -> Congressional District 13 (118th Congress), New York",13,New York,770616,0.524,47855,90725,36.8,0.154432298,0.2,0.055
" -> Congressional District 14 (118th Congress), New York",14,New York,730392,0.507,61052,91735,37.1,0.155212543,0.181,0.045
" -> Congressional District 15 (118th Congress), New York",15,New York,727699,0.525,42090,74697,35.5,0.136112596,0.136,0.056
" -> Congressional District 16 (118th Congress), New York",16,New York,756711,0.516,96051,173412,41.2,0.178016442,0.24,0.031
" -> Congressional District 17 (118th Congress), New York",17,New York,771464,0.5,115661,172012,40.2,0.17825848,0.273,0.03
" -> Congressional District 18 (118th Congress), New York",18,New York,786432,0.502,87124,113651,39.5,0.175149282,0.192,0.025
" -> Congressional District 19 (118th Congress), New York",19,New York,768600,0.5,67645,92799,42.2,0.213001561,0.185,0.024
" -> Congressional District 20 (118th Congress), New York",20,New York,781546,0.508,79758,111011,40.3,0.186911583,0.232,0.032
" -> Congressional District 21 (118th Congress), New York",21,New York,776361,0.487,66565,85227,42.4,0.207135598,0.155,0.02
" -> Congressional District 22 (118th Congress), New York",22,New York,764843,0.508,68941,93531,40.4,0.194093428,0.197,0.023
" -> Congressional District 23 (118th Congress), New York",23,New York,770357,0.505,66388,94297,43.9,0.217518631,0.171,0.026
" -> Congressional District 24 (118th Congress), New York",24,New York,774173,0.498,66103,85603,42.3,0.205073026,0.16,0.026
" -> Congressional District 25 (118th Congress), New York",25,New York,768169,0.514,67775,96132,39.7,0.190499747,0.215,0.029
" -> Congressional District 26 (118th Congress), New York",26,New York,770160,0.51,63995,88324,39.4,0.184896645,0.193,0.021
" -> Congressional District 1 (118th Congress), North Carolina",1,North Carolina,753536,0.514,53854,75802,40.7,0.197284536,0.161,0.031
" -> Congressional District 2 (118th Congress), North Carolina",2,North Carolina,779106,0.508,96138,133177,36.8,0.127126476,0.368,0.016
" -> Congressional District 3 (118th Congress), North Carolina",3,North Carolina,756848,0.492,61546,80318,37.8,0.185326512,0.176,0.022
" -> Congressional District 4 (118th Congress), North Carolina",4,North Carolina,761039,0.521,74019,101762,37.4,0.163069173,0.256,0.019
" -> Congressional District 5 (118th Congress), North Carolina",5,North Carolina,754512,0.514,54503,81612,41.6,0.201550141,0.186,0.028
" -> Congressional District 6 (118th Congress), North Carolina",6,North Carolina,751852,0.522,61429,87520,39,0.170794252,0.215,0.027
" -> Congressional District 7 (118th Congress), North Carolina",7,North Carolina,774574,0.514,62763,85247,41.8,0.210931428,0.203,0.024
" -> Congressional District 8 (118th Congress), North Carolina",8,North Carolina,760699,0.507,69466,97207,40.5,0.170373564,0.177,0.023
" -> Congressional District 9 (118th Congress), North Carolina",9,North Carolina,769258,0.509,62661,79319,36.5,0.172139906,0.184,0.026
" -> Congressional District 10 (118th Congress), North Carolina",10,North Carolina,768814,0.5,64668,88672,42.9,0.192945238,0.183,0.023
" -> Congressional District 11 (118th Congress), North Carolina",11,North Carolina,756051,0.521,62261,85301,45.7,0.248876068,0.224,0.017
" -> Congressional District 12 (118th Congress), North Carolina",12,North Carolina,770376,0.513,73841,107655,35.8,0.123180109,0.282,0.024
" -> Congressional District 13 (118th Congress), North Carolina",13,North Carolina,776185,0.506,82201,107430,38.9,0.147535703,0.241,0.021
" -> Congressional District 14 (118th Congress), North Carolina",14,North Carolina,766123,0.516,81717,127063,36.8,0.134105098,0.33,0.022
" -> Congressional District (at Large) (118th Congress), North Dakota",1,North Dakota,779261,0.488,71970,94991,36.2,0.16720072,0.223,0.015
" -> Congressional District 1 (118th Congress), Ohio",1,Ohio,790801,0.511,74773,115110,37.2,0.156945932,0.263,0.021
" -> Congressional District 2 (118th Congress), Ohio",2,Ohio,786489,0.499,61589,84216,41.1,0.185701262,0.132,0.02
" -> Congressional District 3 (118th Congress), Ohio",3,Ohio,785836,0.513,67720,99116,34.5,0.133763279,0.272,0.024
" -> Congressional District 4 (118th Congress), Ohio",4,Ohio,799350,0.495,72537,99973,40.7,0.179650966,0.188,0.023
" -> Congressional District 5 (118th Congress), Ohio",5,Ohio,785544,0.504,64333,88710,40.9,0.193171866,0.159,0.019
" -> Congressional District 6 (118th Congress), Ohio",6,Ohio,778876,0.501,57817,75239,43.2,0.221416503,0.14,0.019
" -> Congressional District 7 (118th Congress), Ohio",7,Ohio,774125,0.509,81160,107914,42.9,0.207639593,0.234,0.017
" -> Congressional District 8 (118th Congress), Ohio",8,Ohio,781678,0.504,72748,95642,39,0.181945763,0.193,0.022
" -> Congressional District 9 (118th Congress), Ohio",9,Ohio,780071,0.506,62077,86175,41.1,0.194420764,0.172,0.022
" -> Congressional District 10 (118th Congress), Ohio",10,Ohio,782035,0.511,64173,87361,39.4,0.189919888,0.182,0.03
" -> Congressional District 11 (118th Congress), Ohio",11,Ohio,769169,0.523,50228,81926,38.5,0.183882866,0.189,0.043
" -> Congressional District 12 (118th Congress), Ohio",12,Ohio,793038,0.499,69819,95227,40,0.177722883,0.179,0.022
" -> Congressional District 13 (118th Congress), Ohio",13,Ohio,778868,0.513,65001,90261,41.7,0.201669603,0.214,0.022
" -> Congressional District 14 (118th Congress), Ohio",14,Ohio,784361,0.501,65214,91799,42.9,0.211588796,0.19,0.024
" -> Congressional District 15 (118th Congress), Ohio",15,Ohio,785817,0.497,71285,96379,36.9,0.148911261,0.21,0.023
" -> Congressional District 1 (118th Congress), Oklahoma",1,Oklahoma,807958,0.508,64465,89759,36.7,0.157598539,0.216,0.024
" -> Congressional District 2 (118th Congress), Oklahoma",2,Oklahoma,802111,0.501,50776,72998,39.7,0.191936029,0.135,0.022
" -> Congressional District 3 (118th Congress), Oklahoma",3,Oklahoma,796469,0.491,54397,73175,35.5,0.153314191,0.15,0.025
" -> Congressional District 4 (118th Congress), Oklahoma",4,Oklahoma,805331,0.498,62067,78845,36.3,0.158385807,0.177,0.029
" -> Congressional District 5 (118th Congress), Oklahoma",5,Oklahoma,807931,0.509,68269,98507,37.6,0.162199495,0.25,0.024
" -> Congressional District 1 (118th Congress), Oregon",1,Oregon,714598,0.501,89182,123435,38.3,0.159412705,0.265,0.024
" -> Congressional District 2 (118th Congress), Oregon",2,Oregon,700774,0.495,62171,83149,43.1,0.233150773,0.146,0.029
" -> Congressional District 3 (118th Congress), Oregon",3,Oregon,687278,0.496,80939,110130,39.3,0.152385207,0.253,0.032
" -> Congressional District 4 (118th Congress), Oregon",4,Oregon,715450,0.502,61845,81852,42.5,0.233152561,0.193,0.03
" -> Congressional District 5 (118th Congress), Oregon",5,Oregon,719249,0.501,86573,116800,41.8,0.199523392,0.25,0.021
" -> Congressional District 6 (118th Congress), Oregon",6,Oregon,702788,0.502,78442,103286,38.8,0.176959481,0.222,0.024
" -> Congressional District 1 (118th Congress), Pennsylvania",1,Pennsylvania,760257,0.503,104881,143185,44.2,0.206389418,0.254,0.021
" -> Congressional District 2 (118th Congress), Pennsylvania",2,Pennsylvania,717771,0.517,53536,80806,36.7,0.153429158,0.179,0.039
" -> Congressional District 3 (118th Congress), Pennsylvania",3,Pennsylvania,772128,0.529,60400,94159,33.8,0.143344109,0.223,0.05
" -> Congressional District 4 (118th Congress), Pennsylvania",4,Pennsylvania,780519,0.508,103922,142093,42.1,0.197874747,0.274,0.021
" -> Congressional District 5 (118th Congress), Pennsylvania",5,Pennsylvania,768063,0.52,79416,122836,38.7,0.164991674,0.23,0.038
" -> Congressional District 6 (118th Congress), Pennsylvania",6,Pennsylvania,771296,0.504,98751,138258,39.9,0.174900427,0.293,0.026
" -> Congressional District 7 (118th Congress), Pennsylvania",7,Pennsylvania,774340,0.504,72660,103346,40.9,0.189835215,0.195,0.029
" -> Congressional District 8 (118th Congress), Pennsylvania",8,Pennsylvania,766586,0.501,63172,87863,43.1,0.205812525,0.174,0.033
" -> Congressional District 9 (118th Congress), Pennsylvania",9,Pennsylvania,760960,0.5,65710,86986,43.2,0.213241169,0.15,0.024
" -> Congressional District 10 (118th Congress), Pennsylvania",10,Pennsylvania,779565,0.507,75032,99193,39.6,0.18180652,0.207,0.023
" -> Congressional District 11 (118th Congress), Pennsylvania",11,Pennsylvania,768350,0.505,82321,104833,40.5,0.202161775,0.195,0.019
" -> Congressional District 12 (118th Congress), Pennsylvania",12,Pennsylvania,758799,0.507,68078,97284,39.7,0.202726941,0.241,0.03
" -> Congressional District 13 (118th Congress), Pennsylvania",13,Pennsylvania,764692,0.5,64430,87402,43.6,0.218689355,0.138,0.018
" -> Congressional District 14 (118th Congress), Pennsylvania",14,Pennsylvania,755713,0.501,62622,88772,45.1,0.229679786,0.172,0.029
" -> Congressional District 15 (118th Congress), Pennsylvania",15,Pennsylvania,759208,0.488,60094,80712,42.7,0.211631068,0.143,0.019
" -> Congressional District 16 (118th Congress), Pennsylvania",16,Pennsylvania,761430,0.504,61715,87862,42.9,0.213797723,0.189,0.02
" -> Congressional District 17 (118th Congress), Pennsylvania",17,Pennsylvania,752331,0.514,77014,114996,43.7,0.216759644,0.266,0.023
" -> Congressional District 1 (118th Congress), Rhode Island",1,Rhode Island,543189,0.514,78966,110258,39.9,0.187036188,0.238,0.029
" -> Congressional District 2 (118th Congress), Rhode Island",2,Rhode Island,550545,0.506,84751,114867,41.2,0.189850058,0.24,0.029
" -> Congressional District 1 (118th Congress), South Carolina",1,South Carolina,762713,0.507,85282,114474,41.3,0.205288228,0.259,0.016
" -> Congressional District 2 (118th Congress), South Carolina",2,South Carolina,750640,0.514,71562,92365,40,0.176877065,0.214,0.029
" -> Congressional District 3 (118th Congress), South Carolina",3,South Carolina,752641,0.506,56693,80331,41.3,0.196218383,0.157,0.023
" -> Congressional District 4 (118th Congress), South Carolina",4,South Carolina,754482,0.513,64879,94088,38.4,0.168648159,0.227,0.028
" -> Congressional District 5 (118th Congress), South Carolina",5,South Carolina,758549,0.513,66451,89708,40.5,0.179376678,0.187,0.024
" -> Congressional District 6 (118th Congress), South Carolina",6,South Carolina,741110,0.521,51364,75482,37.1,0.172225446,0.178,0.035
" -> Congressional District 7 (118th Congress), South Carolina",7,South Carolina,762499,0.521,53313,77890,45,0.236909163,0.161,0.027
" -> Congressional District (at Large) (118th Congress), South Dakota",1,South Dakota,909824,0.492,69728,89048,38.5,0.182352851,0.217,0.019
" -> Congressional District 1 (118th Congress), Tennessee",1,Tennessee,781128,0.505,54716,76834,43.9,0.210449504,0.15,0.021
" -> Congressional District 2 (118th Congress), Tennessee",2,Tennessee,790362,0.508,66809,92884,40.3,0.188326362,0.211,0.015
" -> Congressional District 3 (118th Congress), Tennessee",3,Tennessee,788228,0.509,68127,93286,40.8,0.190076983,0.181,0.018
" -> Congressional District 4 (118th Congress), Tennessee",4,Tennessee,796991,0.502,65227,82606,37.9,0.156931509,0.173,0.016
" -> Congressional District 5 (118th Congress), Tennessee",5,Tennessee,784695,0.51,86017,122728,39,0.156081025,0.299,0.016
" -> Congressional District 6 (118th Congress), Tennessee",6,Tennessee,783125,0.499,64687,89526,39.6,0.177156903,0.194,0.021
" -> Congressional District 7 (118th Congress), Tennessee",7,Tennessee,801730,0.508,70095,92273,35.5,0.138433138,0.215,0.024
" -> Congressional District 8 (118th Congress), Tennessee",8,Tennessee,768105,0.515,63678,94568,41.3,0.195376934,0.168,0.025
" -> Congressional District 9 (118th Congress), Tennessee",9,Tennessee,756975,0.525,53183,75182,34.8,0.142098484,0.179,0.037
" -> Congressional District 1 (118th Congress), Texas",1,Texas,775992,0.509,60999,83392,39.1,0.182360127,0.147,0.022
" -> Congressional District 2 (118th Congress), Texas",2,Texas,817455,0.503,92141,123059,36.2,0.125089454,0.268,0.034
" -> Congressional District 3 (118th Congress), Texas",3,Texas,846385,0.507,114577,143551,37.8,0.124013304,0.316,0.024
" -> Congressional District 4 (118th Congress), Texas",4,Texas,817813,0.5,92686,126702,38.8,0.145622532,0.278,0.021
" -> Congressional District 5 (118th Congress), Texas",5,Texas,787249,0.501,74111,93375,37.1,0.148862685,0.168,0.029
" -> Congressional District 6 (118th Congress), Texas",6,Texas,801951,0.487,75003,94733,36,0.126975339,0.182,0.025
" -> Congressional District 7 (118th Congress), Texas",7,Texas,785353,0.504,70704,112176,33.9,0.115273005,0.274,0.037
" -> Congressional District 8 (118th Congress), Texas",8,Texas,827950,0.5,83466,115576,36.1,0.124935081,0.225,0.023
" -> Congressional District 9 (118th Congress), Texas",9,Texas,774848,0.52,63597,87973,34.6,0.126304772,0.174,0.036
" -> Congressional District 10 (118th Congress), Texas",10,Texas,803507,0.495,80035,117620,36.5,0.148516441,0.26,0.023
" -> Congressional District 11 (118th Congress), Texas",11,Texas,777332,0.493,62147,86551,33.9,0.135546973,0.167,0.029
" -> Congressional District 12 (118th Congress), Texas",12,Texas,803772,0.502,78999,106993,36.5,0.142223168,0.229,0.025
" -> Congressional District 13 (118th Congress), Texas",13,Texas,776421,0.489,64369,85974,36.2,0.151028888,0.167,0.021
" -> Congressional District 14 (118th Congress), Texas",14,Texas,773046,0.491,68463,97049,38.2,0.155941561,0.18,0.032
" -> Congressional District 15 (118th Congress), Texas",15,Texas,776813,0.501,55382,78067,32.5,0.128365514,0.161,0.032
" -> Congressional District 16 (118th Congress), Texas",16,Texas,773386,0.505,53477,75234,33.6,0.132839229,0.177,0.035
" -> Congressional District 17 (118th Congress), Texas",17,Texas,781996,0.493,63266,81530,35.9,0.152381854,0.167,0.03
" -> Congressional District 18 (118th Congress), Texas",18,Texas,789388,0.487,58932,93568,32.6,0.10221336,0.176,0.045
" -> Congressional District 19 (118th Congress), Texas",19,Texas,767757,0.489,58951,84101,33.7,0.140566612,0.167,0.026
" -> Congressional District 20 (118th Congress), Texas",20,Texas,781188,0.498,56708,72033,33.7,0.121987281,0.165,0.032
" -> Congressional District 21 (118th Congress), Texas",21,Texas,807859,0.502,88786,118488,40.2,0.188608408,0.297,0.021
" -> Congressional District 22 (118th Congress), Texas",22,Texas,843195,0.498,100510,128070,37.3,0.125390924,0.296,0.026
" -> Congressional District 23 (118th Congress), Texas",23,Texas,778355,0.491,71327,95460,34.6,0.136439028,0.195,0.023
" -> Congressional District 24 (118th Congress), Texas",24,Texas,760070,0.508,106888,164456,38.8,0.144336706,0.328,0.021
" -> Congressional District 25 (118th Congress), Texas",25,Texas,804617,0.51,73257,93297,37.3,0.16056832,0.207,0.026
" -> Congressional District 26 (118th Congress), Texas",26,Texas,835578,0.501,105363,134953,37.9,0.120614712,0.308,0.025
" -> Congressional District 27 (118th Congress), Texas",27,Texas,771898,0.496,61819,82853,38.2,0.171166398,0.136,0.029
" -> Congressional District 28 (118th Congress), Texas",28,Texas,777758,0.503,60356,79462,33.7,0.124984892,0.151,0.032
" -> Congressional District 29 (118th Congress), Texas",29,Texas,732116,0.488,50461,69251,33.1,0.110501614,0.095,0.047
" -> Congressional District 30 (118th Congress), Texas",30,Texas,767034,0.517,67465,96136,33.6,0.114671579,0.179,0.028
" -> Congressional District 31 (118th Congress), Texas",31,Texas,841841,0.502,89116,118353,37.2,0.14370172,0.253,0.025
" -> Congressional District 32 (118th Congress), Texas",32,Texas,787408,0.499,65935,98364,32.5,0.101253734,0.262,0.031
" -> Congressional District 33 (118th Congress), Texas",33,Texas,764729,0.496,57463,79425,32.2,0.102689973,0.14,0.03
" -> Congressional District 34 (118th Congress), Texas",34,Texas,790190,0.503,48801,65789,31,0.132330199,0.137,0.038
" -> Congressional District 35 (118th Congress), Texas",35,Texas,802077,0.496,71075,88525,33.2,0.092351482,0.231,0.031
" -> Congressional District 36 (118th Congress), Texas",36,Texas,770407,0.501,67663,91223,36.7,0.145094736,0.164,0.026
" -> Congressional District 37 (118th Congress), Texas",37,Texas,785616,0.493,91114,130368,35.1,0.116895532,0.379,0.021
" -> Congressional District 38 (118th Congress), Texas",38,Texas,769222,0.515,93861,130289,38.2,0.146133366,0.309,0.03
" -> Congressional District 1 (118th Congress), Utah",1,Utah,850432,0.495,86951,111939,32,0.11368575,0.252,0.017
" -> Congressional District 2 (118th Congress), Utah",2,Utah,849661,0.489,80789,106281,33.7,0.139354401,0.213,0.019
" -> Congressional District 3 (118th Congress), Utah",3,Utah,806633,0.498,87193,114753,30.8,0.126613962,0.294,0.018
" -> Congressional District 4 (118th Congress), Utah",4,Utah,874074,0.488,100006,114708,31.5,0.09894128,0.236,0.021
" -> Congressional District (at Large) (118th Congress), Vermont",1,Vermont,647064,0.504,73991,95179,43.2,0.216094544,0.245,0.018
" -> Congressional District 1 (118th Congress), Virginia",1,Virginia,810541,0.511,99057,125150,41.8,0.199153405,0.28,0.017
" -> Congressional District 2 (118th Congress), Virginia",2,Virginia,780161,0.504,83535,104065,39.3,0.169855966,0.225,0.021
" -> Congressional District 3 (118th Congress), Virginia",3,Virginia,781088,0.51,63075,80940,34.5,0.142555,0.17,0.039
" -> Congressional District 4 (118th Congress), Virginia",4,Virginia,790811,0.516,66086,88658,37.2,0.159907993,0.206,0.034
" -> Congressional District 5 (118th Congress), Virginia",5,Virginia,797420,0.507,63384,95989,41.4,0.209034135,0.201,0.021
" -> Congressional District 6 (118th Congress), Virginia",6,Virginia,784909,0.514,67623,88953,40.8,0.203113992,0.174,0.022
" -> Congressional District 7 (118th Congress), Virginia",7,Virginia,798820,0.5,103589,118497,37.8,0.136954508,0.221,0.025
" -> Congressional District 8 (118th Congress), Virginia",8,Virginia,764684,0.505,122460,168675,37.6,0.137336468,0.316,0.019
" -> Congressional District 9 (118th Congress), Virginia",9,Virginia,785166,0.498,54260,80818,44,0.224976629,0.142,0.015
" -> Congressional District 10 (118th Congress), Virginia",10,Virginia,805988,0.494,152685,176922,38,0.11976481,0.319,0.019
" -> Congressional District 11 (118th Congress), Virginia",11,Virginia,784031,0.496,152783,180734,39.2,0.148708406,0.34,0.021
" -> Congressional District 1 (118th Congress), Washington",1,Washington,782320,0.491,125412,176190,38,0.129732079,0.306,0.022
" -> Congressional District 2 (118th Congress), Washington",2,Washington,782277,0.497,82997,112828,40,0.199430636,0.23,0.026
" -> Congressional District 3 (118th Congress), Washington",3,Washington,789222,0.501,85196,111673,40.4,0.187109584,0.18,0.026
" -> Congressional District 4 (118th Congress), Washington",4,Washington,783190,0.492,73355,93585,35,0.153684291,0.15,0.031
" -> Congressional District 5 (118th Congress), Washington",5,Washington,785349,0.499,67085,96025,38.6,0.185337983,0.209,0.026
" -> Congressional District 6 (118th Congress), Washington",6,Washington,773605,0.495,84233,110751,42.5,0.222145669,0.213,0.026
" -> Congressional District 7 (118th Congress), Washington",7,Washington,783927,0.49,115418,169142,36.2,0.139784699,0.372,0.024
" -> Congressional District 8 (118th Congress), Washington",8,Washington,765776,0.49,119767,162820,39.7,0.155165479,0.257,0.02
" -> Congressional District 9 (118th Congress), Washington",9,Washington,751668,0.498,94488,135669,38.2,0.153791301,0.257,0.03
" -> Congressional District 10 (118th Congress), Washington",10,Washington,788452,0.498,88325,106415,36.5,0.154979631,0.188,0.026
" -> Congressional District 1 (118th Congress), West Virginia",1,West Virginia,876813,0.509,49609,78668,43.8,0.222925527,0.137,0.024
" -> Congressional District 2 (118th Congress), West Virginia",2,West Virginia,898343,0.498,59773,81933,42,0.201145887,0.162,0.026
" -> Congressional District 1 (118th Congress), Wisconsin",1,Wisconsin,729535,0.501,71781,94789,40.5,0.178639819,0.206,0.021
" -> Congressional District 2 (118th Congress), Wisconsin",2,Wisconsin,743974,0.497,82271,108255,37.7,0.165516537,0.296,0.014
" -> Congressional District 3 (118th Congress), Wisconsin",3,Wisconsin,741433,0.491,67520,87090,39.5,0.194120035,0.185,0.018
" -> Congressional District 4 (118th Congress), Wisconsin",4,Wisconsin,719451,0.514,54672,82333,34.3,0.138684914,0.206,0.03
" -> Congressional District 5 (118th Congress), Wisconsin",5,Wisconsin,741842,0.499,89947,120254,42.9,0.198948024,0.265,0.015
" -> Congressional District 6 (118th Congress), Wisconsin",6,Wisconsin,733889,0.493,68092,93250,42.7,0.205573322,0.189,0.013
" -> Congressional District 7 (118th Congress), Wisconsin",7,Wisconsin,740385,0.492,66222,89948,45.4,0.225724454,0.178,0.017
" -> Congressional District 8 (118th Congress), Wisconsin",8,Wisconsin,742030,0.496,71930,94154,41.3,0.188185114,0.209,0.017
" -> Congressional District (at Large) (118th Congress), Wyoming",1,Wyoming,581381,0.488,70042,88486,39.1,0.185743944,0.18,0.024